dataset_id,dataset_name,omics_type,source,file_path,format,platform,description,preloaded,normalized,annotation_required
tx_default_dataset,Default expression cohort,transcriptomics,"GSE93272 + GSE110169 (merged, sex-stratified RA blood cohort)",preloaded/transcriptomics/processed/combined_expr_batchcorrected.rds;combined_meta.csv,rds;csv,Microarray (merged),App opens with this batch-corrected expression matrix + sample metadata loaded by default; replaced transparently by any user upload.,TRUE,TRUE,FALSE
tx_mr_instruments,MR exposure instruments (legacy),transcriptomics,Project MR pipeline (scripts/00_shared/10_MR.R),preloaded/transcriptomics/processed/new/MR_instruments.rds,rds,NA,Genetics-submodule instrument object; superseded by MR_primary_objects.rds but kept for parity.,TRUE,NA,FALSE
tx_mr_primary_objects,Cached cis-eQTL MR run,transcriptomics,Project MR pipeline (Okada 2014 RA GWAS),preloaded/transcriptomics/processed/new/MR_primary_objects.rds,rds,NA,Cis-restricted (+/-1Mb) MHC-flagged harmonised MR instruments for 1701 genes; MR tab's live advanced filters subset this.,TRUE,FALSE,FALSE
tx_coloc_regions,Colocalisation candidate regions,transcriptomics,Project coloc pipeline,preloaded/transcriptomics/processed/new/coloc_regions.rds,rds,NA,Per-gene coloc regions feeding the Colocalisation tab's gene picker/SNP results.,TRUE,FALSE,FALSE
tx_val_synovium,Cross-tissue validation cohort,transcriptomics,GSE89408 (synovium RNA-seq),preloaded/transcriptomics/processed/new/val_synovium.rds,rds,RNA-seq,Bundled synovium DGE table (tt/fsig/msig panels) for Cross-Tissue Validation.,TRUE,TRUE,FALSE
tx_dge_results,Bundled blood DGE results,transcriptomics,limma DGE (RA vs HC),preloaded/transcriptomics/processed/dge_results.rds,rds,NA,Bundled fallback blood-direction-of-effect table used by Cross-Tissue Validation when no live DGE run matches.,TRUE,FALSE,FALSE
tx_wgcna_network,WGCNA network fit,transcriptomics,WGCNA::blockwiseModules (all genes),preloaded/transcriptomics/processed/wgcna_results.rds;wgcna_net_00048f2e.rds,rds,NA,Precomputed WGCNA co-expression network + raw blockwiseModules object for the WGCNA tab's hub table/dendrogram.,TRUE,TRUE,FALSE
tx_feature_selection_fastpath,Feature selection fast-path results,transcriptomics,LASSO/RF/SVM-RFE (glmnet/randomForest/e1071),preloaded/transcriptomics/processed/new/ml_features.rds;ml_features_noMHC.rds,rds,NA,Precomputed per-sex feature-selection run used by Feature Selection's fast-path eligibility check.,TRUE,TRUE,FALSE
tx_cross_ancestry_validation,Cross-ancestry MR replication,transcriptomics,MR35 cross-ancestry replication,preloaded/transcriptomics/results/tables/MR35_crossancestry_female.csv;MR35_crossancestry_male.csv,csv,NA,Cross-Ancestry Validation tab's main replication tables.,TRUE,FALSE,FALSE
tx_wgcna_hub_tables,WGCNA hub gene tables,transcriptomics,WGCNA pipeline output,preloaded/transcriptomics/results/tables/WGCNA_05_gene_module_assignment.csv;WGCNA_07_hub_genes_only.csv,csv,NA,Per-gene module/hub annotation used by Functional Enrichment's WGCNA panel.,TRUE,FALSE,FALSE
tx_fs_venn_membership,Feature-selection Venn membership,transcriptomics,Project FS pipeline,preloaded/transcriptomics/results/tables/FS_venn_membership.csv,csv,NA,Bundled same-tissue overlap panel used by Enrichment/Nomogram fallbacks.,TRUE,FALSE,FALSE
tx_fs_input_candidates,Feature-selection candidate gene lists,transcriptomics,Project FS pipeline,preloaded/transcriptomics/results/tables/FS_input_female.csv;FS_input_female_noMHC.csv;FS_input_male.csv;FS_input_male_noMHC.csv,csv,NA,Per-sex/MHC-status candidate gene list fallback for Feature Selection and Diagnostic Classifier.,TRUE,FALSE,FALSE
tx_mr_mhc_sensitivity,MR MHC-inclusion sensitivity tables,transcriptomics,Project MR pipeline,preloaded/transcriptomics/results/tables/MR_MHC_sensitivity_female.csv;MR_MHC_sensitivity_male.csv,csv,NA,MR tab's MHC-inclusion/exclusion sensitivity panel.,TRUE,FALSE,FALSE
tx_candidates_disease,Candidate gene disease annotation,transcriptomics,Project MR pipeline,preloaded/transcriptomics/results/tables/candidates_female_disease.csv;candidates_male_disease.csv,csv,NA,MR tab's candidate-gene disease-annotation panel.,TRUE,FALSE,FALSE
tx_mr_full_export,MR full results (Excel export),transcriptomics,Project MR pipeline,preloaded/transcriptomics/results/tables/MR_female_all_tables.xlsx;MR_male_all_tables.xlsx,xlsx,NA,Passthrough source for the MR tab's Download-all-tables button.,TRUE,FALSE,FALSE
tx_deg_tables,Differential expression tables,transcriptomics,limma/DESeq2 DGE,preloaded/transcriptomics/results/tables/DEG_female_full.csv;DEG_male_full.csv;DEG_all_full.csv,csv,NA,Full DEG tables; also read directly by Cross-Omics Integration's Preloaded pathway.,TRUE,FALSE,FALSE
tx_gene_panels,Curated reference gene panels,transcriptomics,User-curated (e.g. ferroptosis panel),annotations/gene_panels/ferroptosis_soorya_sundararajan_2025.txt,txt,NA,Optional third gene-set panel offered across submodules (Candidate Gene ID etc.); drop-in extensible folder.,TRUE,NA,TRUE
tx_methodology_docs,Transcriptomics methodology write-ups,documentation,Project thesis chapter + satellite docs,preloaded/transcriptomics/Chapter_2_subchapter2_sexstratified.md;preloaded/transcriptomics/results/METHODS_*.md,md,NA,Narrative + per-section methodology docs surfaced by the ArthOChat assistant's project_methods() tool.,TRUE,NA,FALSE
meth_qc_tables,Methylomics QC reference tables,methylomics,GSE42861 (Liu et al. 2013),preloaded/methylomics/tables/script01_dataload_QC/tables/sample_metadata_qc.csv;qc_pca_sexcheck.csv,csv,Illumina 450K,Sample metadata + PCA/sex-check results for the QC and DMP/DMR default-context panels.,TRUE,FALSE,FALSE
meth_dmp_plain,DMP results (unadjusted),methylomics,GSE42861 sex-stratified DMP pipeline,preloaded/methylomics/tables/script03_dmp_sexstratified/tables/,csv,Illumina 450K,Unadjusted per-CpG DMP results (plain limma) - demonstrates severe genomic inflation before SVA/bacon correction.,TRUE,FALSE,FALSE
meth_dmp_sva,DMP results (SVA/bacon-corrected),methylomics,GSE42861 sex-stratified DMP pipeline,preloaded/methylomics/tables/script03_dmp_sva_sexstratified/tables/,csv,Illumina 450K,Inflation-corrected DMP results; the app's default/SVA reference tab and DMR region-calling input.,TRUE,TRUE,FALSE
meth_dmr_regions,DMR region calls,methylomics,DMRcate (kernel-smoothed),preloaded/methylomics/tables/script04_dmr_sexstratified/tables/,csv,Illumina 450K,Region-level DMR calls with BH-FDR on the Stouffer statistic; feeds DMR tab and Biomarker Card.,TRUE,TRUE,FALSE
meth_wgcna_reference,Methylation WGCNA reference,methylomics,Co-methylation network pipeline,preloaded/methylomics/tables/script05_wgcna_sexstratified/tables/,csv,Illumina 450K,Published co-methylation module-trait/module-assignment tables for the WGCNA 'compare with published results' panel.,TRUE,TRUE,FALSE
meth_fs_votes,ML feature-selection ensemble votes,methylomics,LASSO/Boruta/SVM-RFE ensemble,preloaded/methylomics/tables/script07_ml_feature_selection/tables/,csv,Illumina 450K,Majority-vote CpG panel source for the Diagnostic Classifier and Biomarker Card.,TRUE,FALSE,FALSE
meth_mr_tables,Methylation MR tables,methylomics,GoDMC cis-mQTL -> Ishigaki 2022 RA GWAS,preloaded/methylomics/tables/script08_mendelian_randomization/tables/,csv,NA,Preloaded MR estimates/harmonised data/Steiger/instrument counts/coloc results for the MR and Coloc tabs.,TRUE,FALSE,FALSE
meth_diagnostic_reference,Diagnostic classifier reference AUC tables,methylomics,script09 diagnostic classifier pipeline,preloaded/methylomics/tables/script09_diagnostic_classifier/tables/,csv,Illumina 450K,Published panel/per-probe AUC tables for optional comparison display (not the live compute path).,TRUE,FALSE,FALSE
meth_beta_matrix_live,Live preloaded beta matrix,methylomics,GSE42861 QC'd beta matrix,preloaded/methylomics/matrix/beta_raw.rds;pheno.rds,rds,Illumina 450K,The ~2.1GB QC'd beta matrix + phenotype table backing the Dataset tab's 'Load preloaded dataset' live-recompute path.,TRUE,TRUE,FALSE
meth_diagnostic_panels,Diagnostic classifier train/test panels,methylomics,GSE42861 (internal) + GSE111942 (external),preloaded/methylomics/matrix/gse42861_internal_panel_celltype_adjusted.rds;gse111942_external_panel.rds,rds,Illumina 450K,Panel-CpG-only (21 CpGs) train/internal-test + external-test objects the Diagnostic Classifier fits/evaluates on live.,TRUE,TRUE,FALSE
meth_methodology_docs,Methylomics methodology write-ups,documentation,Project methylomics pipeline,preloaded/methylomics/tables/script0N_*/METHODS_*.md,md,NA,Per-stage methodology docs surfaced by the ArthOChat assistant's project_methods_methylomics() tool.,TRUE,NA,FALSE
cx_convergence_tables,Cross-omics convergence/MR tables,cross_omics,eQTL-MR x mQTL-MR x DEG x DMP/DMR join,preloaded/cross_omics/tables/,csv,NA,8 precomputed tables (master convergence/ Tier-1/ per-sex eQTL-mQTL/ cross-omics MR) backing the Cross-Omics Dataset/Biomarker Convergence/MR tabs.,TRUE,FALSE,FALSE
multi_main_tables,Multi-omics main result tables,multiomics,DIABLO/SNF/RF pipeline (Tao et al. 2021 anti-TNF cohort),preloaded/multiomics/tables/,csv,NA,Patient matching + QC summaries + DIABLO/SNF/RF performance tables for the Dataset/Overview/Integration tabs.,TRUE,FALSE,FALSE
multi_summary_tables,Multi-omics cross-analysis summary tables,multiomics,Cross-analysis summary stage,preloaded/multiomics/tables/summary/,csv,NA,"Master six-part summary, candidate biomarkers, gene<->CpG concordance, and pathway enrichment tables.",TRUE,FALSE,FALSE
multi_ada_snf_clusters,SNF patient clusters — Adalimumab,multiomics,SNF clustering (Adalimumab arm),preloaded/multiomics/tables/adalimumab/,csv,NA,Patient cluster assignments/response association/concordance-NMI for the Stratification tab (Adalimumab).,TRUE,FALSE,FALSE
multi_etn_snf_clusters,SNF patient clusters — Etanercept,multiomics,SNF clustering (Etanercept arm),preloaded/multiomics/tables/etanercept/,csv,NA,Patient cluster assignments/response association/concordance-NMI for the Stratification tab (Etanercept).,TRUE,FALSE,FALSE
multi_diablo_fits,DIABLO fit objects,multiomics,mixOmics::block.splsda,preloaded/multiomics/fits/,rds,NA,"6 saved DIABLO fit objects (per drug x sex, plus response) read for real per-component/per-block variance-explained figures.",TRUE,TRUE,FALSE
ref_cytoband,UCSC cytoband ideogram (hg19),reference,UCSC hgdownload.soe.ucsc.edu,reference/cytoBandIdeo_hg19.txt.gz,txt.gz,NA,Chromosome ideogram track used by the Methylomics Biomarker Card's region plots.,TRUE,NA,TRUE
ref_illumina_manifest,Illumina 450K/EPIC manifest,reference,Bioconductor (IlluminaHumanMethylation450kanno.ilmn12.hg19 / EPICanno.ilm10b4.hg19),(R package - not a bundled file),package,Illumina 450K/EPIC,"CpG position/gene/region annotation; installed as an R package dependency, not copied into data/.",FALSE,NA,TRUE
ref_epidish_panels,EpiDISH cell-type reference panels,reference,Bioconductor (EpiDISH package),(R package - not a bundled file),package,Illumina 450K/EPIC,Blood/fibroblast cell-type deconvolution reference matrices; installed as an R package dependency.,FALSE,NA,TRUE
examples_tx_upload_merged,Transcriptomics upload test fixture (merged),examples,"Chen et al. 2021 replication (GSE12021, GSE55235, GSE55457)",examples/transcriptomics_upload/merged/chen2021_merged_expression_matrix.csv;chen2021_merged_sample_metadata.csv,csv,Microarray (merged),"Ready-to-upload merged expression matrix + sample metadata, shaped for the Transcriptomics Dataset/Preprocessing upload widgets. Manual/automated test fixture for the upload pipeline, not read by any app code path directly - authored from replicate_chen2021/ (kept outside data/, not deleted).",FALSE,TRUE,FALSE
examples_tx_upload_probelevel,Transcriptomics upload test fixture (probe-level),examples,"Chen et al. 2021 replication (GSE12021, GSE55235, GSE55457) - GPL96 platform",examples/transcriptomics_upload/probelevel/,csv,Microarray (probe-level + GPL96 annotation),"Ready-to-upload per-source probe-level expression matrices + sample metadata + probe-to-gene annotation, for testing the upload pipeline's probe-to-gene collapsing step. Same provenance as examples_tx_upload_merged.",FALSE,FALSE,TRUE
examples_meth_upload,Methylomics upload test fixture,examples,"Liu et al. 2015 replication (GSE71841 - CD4+ T cell 450K methylation, 12 RA / 12 matched healthy controls)",examples/methylomics_upload/,csv,Illumina 450K,"Ready-to-upload beta-value matrix (485,577 probes incl. SNP control probes x 24 samples) + sample metadata (group/sex/age), shaped for the Methylomics Dataset tab's 'Upload: beta or M-value matrix' upload widget. Manual/automated test fixture for the upload pipeline, not read by any app code path directly - independent of the GSE42861/GSE111942 datasets already bundled as preloaded.",FALSE,TRUE,FALSE
examples_placeholder,Reserved example-dataset folder (root),other,N/A,examples/,NA,NA,"Root of data/examples/; holds transcriptomics_upload/ and methylomics_upload/ above. No other example dataset ships - the app's other related feature (Preprocessing's 'merge example training datasets' demo, RAW_DIR-backed) has been unreachable since before this migration due to a pre-existing broken symlink to a different machine - preserved as-is, not fixed.",FALSE,NA,FALSE
uploads_placeholder,Reserved upload folder,other,N/A,uploads/,NA,NA,"Reserved per the requested data/ layout; NOT written to at runtime. User uploads use Shiny's own per-session tempfile mechanism (input$file$datapath), which is already correctly session-isolated.",FALSE,NA,FALSE
