sex,gene,in_eQTL_MR_panel,in_mQTL_MR_panel,eQTL_MR_OR,eQTL_MR_pval,eQTL_MR_FDR,eQTL_MR_direction,eQTL_MHC_region,eQTL_MR_significant,mQTL_candidate_cpg,mQTL_cpg_chr,mQTL_cpg_pos_hg19,mQTL_instrument_available,mQTL_MR_beta,mQTL_MR_pval,mQTL_MR_significant,DEG_logFC,DEG_adjP,DEG_direction,DEG_significant,DMP_top_cpg,DMP_cpg_chr,DMP_cpg_pos_hg19,DMP_dbeta,DMP_fdr_bacon,DMP_direction,DMP_genomewide_significant,DMP_suggestive_only,DMR_id,DMR_ncpgs,DMR_meandiff,DMR_fdr,DMR_direction,DMR_significant,direction_combo,methylation_significant_DMP_or_DMR,cross_omics_significant_both_layers,cross_omics_significant_DEG_and_DMR
male,AIF1,TRUE,FALSE,0.556109054393589,2.53117430053952e-24,1.42926975503798e-21,protective (OR<1),TRUE,TRUE,,,,FALSE,,,FALSE,0.206493667845377,0.02587037896199,Up in RA,TRUE,cg04812347,chr6,31584223,-0.0584336644685718,0.930897992611713,hypo,FALSE,FALSE,,,,,no overlapping DMR,FALSE,hypo / up,FALSE,FALSE,FALSE
male,AP4B1,TRUE,FALSE,1.42352855026351,1.29996937712876e-12,3.1459258926516e-10,risk (OR>1),FALSE,TRUE,,,,FALSE,,,FALSE,-0.229955706061632,0.000790090337592787,Down in RA,TRUE,cg22159133,chr1,114447579,0.00726215833207478,0.850159189560188,hyper,FALSE,FALSE,,,,,no overlapping DMR,FALSE,hyper / down,FALSE,FALSE,FALSE
male,BRD2,TRUE,FALSE,1.55350212799669,9.89942317931992e-09,1.39746857214733e-06,risk (OR>1),TRUE,TRUE,,,,FALSE,,,FALSE,-0.366144514066886,0.000419734205716123,Down in RA,TRUE,cg27352066,chr6,32939777,-0.00177167285384936,0.650962728764442,hypo,FALSE,FALSE,chr6:32939192-32941389,68,0.00465587303869813,0.0435352689678904,hyper,TRUE,hypo / down,TRUE,FALSE,TRUE
male,C19orf54,FALSE,TRUE,,,,,,FALSE,cg14004673,chr19,41256593,FALSE,,,FALSE,-0.49741081811832,0.000313086858713823,Down in RA,TRUE,cg14004673,chr19,41256593,0.00531579637777034,0.42239003834838,hyper,FALSE,TRUE,chr19:41255444-41257233,13,0.000465382820072381,0.0435352689678904,hyper,TRUE,hyper / down,TRUE,FALSE,TRUE
male,C5orf44,FALSE,TRUE,,,,,,FALSE,cg10186232,chr5,64920368,TRUE,0.0158814762340421,0.742476687658161,FALSE,,,not measured,FALSE,cg10186232,chr5,64920368,0.013052698459362,0.918705493041705,hyper,FALSE,FALSE,,,,,no overlapping DMR,FALSE,,FALSE,FALSE,FALSE
male,C6orf136,TRUE,FALSE,0.536762096416345,1.19995423521422e-08,1.56363267265606e-06,protective (OR<1),TRUE,TRUE,,,,FALSE,,,FALSE,-0.240607886112944,0.000986612736990967,Down in RA,TRUE,cg02552466,chr6,30616879,-0.0106343020233826,0.753696960404751,hypo,FALSE,FALSE,chr6:30616867-30616879,2,-0.0110806905132451,0.045611457734226,hypo,TRUE,hypo / down,TRUE,FALSE,TRUE
male,CDC37,TRUE,FALSE,0.752103032662304,0.000359995549482369,0.0217797307436833,protective (OR<1),FALSE,TRUE,,,,FALSE,,,FALSE,-0.278439672262709,0.000994165254386132,Down in RA,TRUE,cg26734579,chr19,10509596,-0.00170240817864942,0.938070787583065,hypo,FALSE,FALSE,,,,,no overlapping DMR,FALSE,hypo / down,FALSE,FALSE,FALSE
male,CSNK2B,TRUE,FALSE,0.54638455853634,1.29978374911488e-11,2.44648185666735e-09,protective (OR<1),TRUE,TRUE,,,,FALSE,,,FALSE,-0.349288925432634,8.5605769711534e-06,Down in RA,TRUE,cg23817343,chr6,31636140,-0.00534815656598109,0.765292061726194,hypo,FALSE,FALSE,chr6:31632320-31634349,51,0.00648740463254801,0.0435352689678904,hyper,TRUE,hypo / down,TRUE,FALSE,TRUE
male,DAXX,TRUE,FALSE,0.483553031085274,2.97770723177356e-06,0.000296719767683789,protective (OR<1),TRUE,TRUE,,,,FALSE,,,FALSE,-0.34444635068861,0.000126005378751329,Down in RA,TRUE,cg09992055,chr6,33290281,0.00779867811511495,0.814359103570244,hyper,FALSE,FALSE,chr6:33289660-33290842,22,0.00597276867419996,0.151080581257732,hyper,FALSE,hyper / down,FALSE,FALSE,FALSE
male,ELOVL6,FALSE,TRUE,,,,,,FALSE,cg17484629,chr4,111119220,FALSE,,,FALSE,0.627404693637543,0.00213837161781212,Up in RA,TRUE,cg17484629,chr4,111119220,0.00489913983565565,0.728587983780095,hyper,FALSE,FALSE,chr4:111119052-111120249,15,0.000626034410078834,0.0435352689678904,hyper,TRUE,hyper / up,TRUE,FALSE,TRUE
male,EML2,FALSE,TRUE,,,,,,FALSE,cg27301343,chr19,46142219,FALSE,,,FALSE,-0.150033748167005,0.0555651585525701,ns,FALSE,cg27301343,chr19,46142219,0.0129209798431584,0.871803734517098,hyper,FALSE,FALSE,chr19:46142212-46142930,13,0.00431558020643742,0.0435352689678904,hyper,TRUE,,TRUE,FALSE,FALSE
male,ESYT1,TRUE,FALSE,0.670246712633366,0.000710011955749888,0.040092008434677,protective (OR<1),FALSE,TRUE,,,,FALSE,,,FALSE,-0.484406173903333,3.68027202396079e-06,Down in RA,TRUE,cg07147234,chr12,56522077,-0.000159708807246445,0.768474701543771,hypo,FALSE,FALSE,chr12:56521692-56522453,12,0.00500292241076745,0.070761499998079,hyper,FALSE,hypo / down,FALSE,FALSE,FALSE
male,HDLBP,FALSE,TRUE,,,,,,FALSE,cg23881902,chr2,242212470,TRUE,0.262984217596827,0.26888505273988,FALSE,-0.627772892753624,1.75775771179874e-06,Down in RA,TRUE,cg23881902,chr2,242212470,0.00343764560592491,0.692285480202454,hyper,FALSE,FALSE,chr2:242169674-242170236,7,-0.00535957002556861,0.0435352689678904,hypo,TRUE,hyper / down,TRUE,FALSE,TRUE
male,HLA-DMA,TRUE,FALSE,0.558666069779015,3.49966353476916e-12,7.41053753487371e-10,protective (OR<1),TRUE,TRUE,,,,FALSE,,,FALSE,-0.393980377447067,3.78779019102732e-05,Down in RA,TRUE,cg14833385,chr6,32921142,-0.00234483666683381,0.879969385426844,hypo,FALSE,FALSE,chr6:32920102-32920880,7,-0.0155392781567439,0.0865945352683759,hypo,FALSE,hypo / down,FALSE,FALSE,FALSE
male,HLA-DRB1,TRUE,FALSE,0.336734831301028,9.9986145281549e-251,1.69376530106944e-247,protective (OR<1),TRUE,TRUE,,,,FALSE,,,FALSE,-0.425756022390783,0.000157203039386766,Down in RA,TRUE,cg00211215,chr6,32552246,0.162577816421191,0.745186339308493,hyper,FALSE,FALSE,chr6:32551949-32552453,8,0.08032851021269,0.0728043313532844,hyper,FALSE,hyper / down,FALSE,FALSE,FALSE
male,IKZF3,TRUE,FALSE,1.17434721163338,4.31623171944744e-08,4.87446435516264e-06,risk (OR>1),FALSE,TRUE,,,,FALSE,,,FALSE,-0.361959476218843,0.0125713219059396,Down in RA,TRUE,cg27613455,chr17,38020644,-0.0036385562201019,0.747011952062148,hypo,FALSE,FALSE,chr17:38020344-38020667,4,0.00520788803681743,0.0498850329343834,hyper,TRUE,hypo / down,TRUE,FALSE,TRUE
male,INPP5B,TRUE,FALSE,1.10399124263667,5.99978671372871e-05,0.00461983576957111,risk (OR>1),FALSE,TRUE,,,,FALSE,,,FALSE,-0.386765097622956,0.00111262099445081,Down in RA,TRUE,cg06521774,chr1,38397588,0.00752488132727857,0.871328667576217,hyper,FALSE,FALSE,,,,,no overlapping DMR,FALSE,hyper / down,FALSE,FALSE,FALSE
male,KLF2,TRUE,FALSE,0.540459749161522,0.000469991306236433,0.0274539749229144,protective (OR<1),FALSE,TRUE,,,,FALSE,,,FALSE,-0.138330427131701,0.0307504636799269,Down in RA,TRUE,cg25266327,chr19,16435660,-0.0096373484670622,0.907186051429011,hypo,FALSE,FALSE,,,,,no overlapping DMR,FALSE,hypo / down,FALSE,FALSE,FALSE
male,LPCAT2,TRUE,FALSE,1.09666987789773,0.000193622321052755,0.0126152389178218,risk (OR>1),FALSE,TRUE,,,,FALSE,,,FALSE,0.569202452350904,0.000948270696883415,Up in RA,TRUE,cg08416650,chr16,55542921,0.00122960985808639,0.930897992611713,hyper,FALSE,FALSE,,,,,no overlapping DMR,FALSE,hyper / up,FALSE,FALSE,FALSE
male,MED1,TRUE,FALSE,0.732427169386649,4.39985861754309e-05,0.00354921928481809,protective (OR<1),FALSE,TRUE,,,,FALSE,,,FALSE,-0.237283707701234,0.00034351274751197,Down in RA,TRUE,cg23679344,chr17,37560925,-0.0323832371207143,0.915115458494748,hypo,FALSE,FALSE,,,,,no overlapping DMR,FALSE,hypo / down,FALSE,FALSE,FALSE
male,NCOA5,TRUE,FALSE,0.421739939439789,1.19995590274947e-06,0.0001270453312036,protective (OR<1),FALSE,TRUE,,,,FALSE,,,FALSE,-0.374484661206828,1.05958350470608e-05,Down in RA,TRUE,cg20116574,chr20,44718168,-0.00230958325402784,0.888147141986711,hypo,FALSE,FALSE,,,,,no overlapping DMR,FALSE,hypo / down,FALSE,FALSE,FALSE
male,PGAP3,TRUE,FALSE,0.860569861111821,3.90029485981788e-06,0.000367061082918416,protective (OR<1),FALSE,TRUE,,,,FALSE,,,FALSE,-0.296153312266788,0.000624865904178257,Down in RA,TRUE,cg21996783,chr17,37842070,0.00129743789376402,0.686374626948092,hyper,FALSE,FALSE,chr17:37843793-37844971,16,0.000398560134076059,0.045427784367198,hyper,TRUE,hyper / down,TRUE,FALSE,TRUE
male,PHF19,TRUE,FALSE,0.790603392226377,2.95494911145363e-08,3.57548842485889e-06,protective (OR<1),FALSE,TRUE,,,,FALSE,,,FALSE,-0.294436742386697,0.000385942728652552,Down in RA,TRUE,cg14543508,chr9,123631308,0.00545895246683428,0.87632478254889,hyper,FALSE,FALSE,,,,,no overlapping DMR,FALSE,hyper / down,FALSE,FALSE,FALSE
male,PICALM,FALSE,TRUE,,,,,,FALSE,cg15643574,chr11,85778241,FALSE,,,FALSE,0.0492469840549721,0.568315041109648,ns,FALSE,cg15643574,chr11,85778241,0.0301149862495361,0.42239003834838,hyper,FALSE,TRUE,chr11:85778241-85778585,2,0.0201934244897629,0.0435352689678904,hyper,TRUE,,TRUE,FALSE,FALSE
male,POP4,FALSE,TRUE,,,,,,FALSE,cg22560837,chr19,30097072,FALSE,,,FALSE,0.115652879718578,0.116743261182428,ns,FALSE,cg22560837,chr19,30097072,0.00536184031538257,0.817131627075992,hyper,FALSE,FALSE,chr19:30096646-30097075,4,0.00757043064224882,0.0435352689678904,hyper,TRUE,,TRUE,FALSE,FALSE
male,SEMA4F,FALSE,TRUE,,,,,,FALSE,cg06999776,chr2,74881146,FALSE,,,FALSE,-0.1651201819709,0.147347864872851,ns,FALSE,cg06999776,chr2,74881146,0.0101948058302772,0.795479776811828,hyper,FALSE,FALSE,chr2:74880862-74881474,7,0.00403748890935328,0.0484059645287611,hyper,TRUE,,TRUE,FALSE,FALSE
male,SH2B1,TRUE,FALSE,0.494438098803797,0.000150005954685717,0.0101644034895042,protective (OR<1),FALSE,TRUE,,,,FALSE,,,FALSE,-0.214948187846452,0.0118901871743064,Down in RA,TRUE,cg08882774,chr16,28875105,0.00841815621917397,0.768474701543771,hyper,FALSE,FALSE,,,,,no overlapping DMR,FALSE,hyper / down,FALSE,FALSE,FALSE
male,SMARCC2,TRUE,FALSE,0.759885992109568,0.000110000802852539,0.00776422333467507,protective (OR<1),FALSE,TRUE,,,,FALSE,,,FALSE,-0.531757113316194,1.1279610642898e-06,Down in RA,TRUE,cg03193417,chr12,56583536,0.00314205042221227,0.960616679971804,hyper,FALSE,FALSE,,,,,no overlapping DMR,FALSE,hyper / down,FALSE,FALSE,FALSE
male,TAB1,TRUE,FALSE,0.427808020383891,1.59993328705364e-05,0.00135514349413443,protective (OR<1),FALSE,TRUE,,,,FALSE,,,FALSE,-0.376857891846756,7.26053243096489e-05,Down in RA,TRUE,,,,,,not annotated,FALSE,FALSE,,,,,no overlapping DMR,FALSE,,FALSE,FALSE,FALSE
male,VARS2,TRUE,FALSE,1.20314855801973,1.08491233463013e-16,3.06306915810575e-14,risk (OR>1),TRUE,TRUE,,,,FALSE,,,FALSE,-0.292527090051935,0.00931193541634532,Down in RA,TRUE,cg26784891,chr6,30884124,-8.6083605350562e-05,0.830306064547934,hypo,FALSE,FALSE,,,,,no overlapping DMR,FALSE,hypo / down,FALSE,FALSE,FALSE
male,VPS52,TRUE,FALSE,0.413627456257591,4.19922834391828e-24,1.77837320364939e-21,protective (OR<1),TRUE,TRUE,,,,FALSE,,,FALSE,-0.285671361660096,0.000228850966920846,Down in RA,TRUE,cg20167047,chr6,33231813,0.00599882083461134,0.650440127502785,hyper,FALSE,FALSE,chr6:33217142-33218796,28,0.00183900431071662,0.045611457734226,hyper,TRUE,hyper / down,TRUE,FALSE,TRUE
male,WDR46,TRUE,FALSE,4.53110852446203,5.20120980120305e-42,4.40542470161898e-39,risk (OR>1),TRUE,TRUE,,,,FALSE,,,FALSE,-0.284312345488734,0.00166821622227835,Down in RA,TRUE,cg23652681,chr6,33254880,0.0024695793797036,0.763219204867616,hyper,FALSE,FALSE,,,,,no overlapping DMR,FALSE,hyper / down,FALSE,FALSE,FALSE
male,ZFAT,FALSE,TRUE,,,,,,FALSE,cg19657380,chr8,135724771,FALSE,,,FALSE,-0.335895883831369,0.00414857093996801,Down in RA,TRUE,cg19657380,chr8,135724771,0.00451420691750146,0.728587983780095,hyper,FALSE,FALSE,chr8:135724771-135726252,8,0.00556246414348934,0.0435352689678904,hyper,TRUE,hyper / down,TRUE,FALSE,TRUE
male,ZNF785,TRUE,FALSE,1.89541773562384,0.000100000174476049,0.00736523024184469,risk (OR>1),FALSE,TRUE,,,,FALSE,,,FALSE,-0.241006020005265,0.0115171793016028,Down in RA,TRUE,cg10976172,chr16,30597528,0.00398438978376789,0.946080264924374,hyper,FALSE,FALSE,,,,,no overlapping DMR,FALSE,hyper / down,FALSE,FALSE,FALSE
