cpg,id.exposure,id.outcome,outcome,method,nsnp,b,se,pval,gene,OR,OR_lo,OR_hi,FDR,mr_significant,SNP,steiger_dir,steiger_pval
cg09146459,5hEL8B,GCST90132223,Rheumatoid arthritis || Ishigaki et al. 2022 (European) || GCST90132223,Wald ratio,1,-5.72713952423117,0.123573906022509,0,HLA-DMA,0.00325637871634753,0.0025559165797364,0.00414880611845902,0,TRUE,rs9268513,FALSE,1.68703019120042e-18
cg09949906,4ECVHY,GCST90132223,Rheumatoid arthritis || Ishigaki et al. 2022 (European) || GCST90132223,Wald ratio,1,7.49363225830267,0.128321640829485,0,HLA-DRB1,1796.56584607394,1397.05515886774,2310.32312417446,0,TRUE,rs28895261,FALSE,3.92886452908829e-24
cg08735211,icXKAy,GCST90132223,Rheumatoid arthritis || Ishigaki et al. 2022 (European) || GCST90132223,Wald ratio,1,-2.56168992121209,0.0836249175783187,4.43880233544058e-206,HLA-DMA,0.0771742118452167,0.0655072300712427,0.0909191087373571,4.18727020309895e-204,TRUE,rs9275188,TRUE,0.0333717265887334
cg14645244,4MaGgk,GCST90132223,Rheumatoid arthritis || Ishigaki et al. 2022 (European) || GCST90132223,Wald ratio,1,0.643100333244182,0.0232751820542422,4.81368441369145e-168,HLA-DRB1,1.90236972599861,1.81753461642071,1.99116459279492,3.4056817226867e-166,TRUE,rs3129907,TRUE,0
cg02462443,yPcD2V,GCST90132223,Rheumatoid arthritis || Ishigaki et al. 2022 (European) || GCST90132223,Wald ratio,1,-3.95637623669373,0.152827798854761,9.13691764452586e-148,BRD2,0.019132319822184,0.0141800572225,0.0258141173928069,5.17149538680164e-146,TRUE,rs2071876,FALSE,0.000146980687572113
cg17940902,PfNWPx,GCST90132223,Rheumatoid arthritis || Ishigaki et al. 2022 (European) || GCST90132223,Wald ratio,1,-6.03695804987311,0.237093872493537,5.1576760941778e-143,HLA-DMA,0.0023888145270685,0.00150094249234359,0.00380190105473223,2.43270389108719e-141,TRUE,rs9272230,FALSE,0.000193957795660362
cg08578320,ucdeE6,GCST90132223,Rheumatoid arthritis || Ishigaki et al. 2022 (European) || GCST90132223,Wald ratio,1,-0.683939994849718,0.0285156858095181,4.01725385558122e-127,HLA-DRB1,0.504624851115116,0.477194679117004,0.533631768137372,1.62411834447069e-125,TRUE,rs115317719,TRUE,9.71943762797106e-197
cg26036029,518su9,GCST90132223,Rheumatoid arthritis || Ishigaki et al. 2022 (European) || GCST90132223,Wald ratio,1,-0.621388467611963,0.0269354759952334,9.37006717758827e-118,HLA-DRB1,0.537198037462155,0.509573080663757,0.566320597385741,3.31466126407185e-116,TRUE,rs3129841,TRUE,0
cg18494841,bp4evq,GCST90132223,Rheumatoid arthritis || Ishigaki et al. 2022 (European) || GCST90132223,Wald ratio,1,2.43045734115141,0.108203278676956,9.77861965290049e-112,BRD2,11.364078152309,9.19241709093011,14.0487829233953,3.07483262418982e-110,TRUE,rs9272113,TRUE,0.000155391019137392
cg08269402,fRoShJ,GCST90132223,Rheumatoid arthritis || Ishigaki et al. 2022 (European) || GCST90132223,Wald ratio,1,-0.875211539299089,0.0441302544894736,1.56207629158194e-87,HLA-DRB1,0.416773846305444,0.382239907232726,0.454427796986873,4.42067590517688e-86,TRUE,rs9270585,TRUE,0
cg08491668,d0sUVq,GCST90132223,Rheumatoid arthritis || Ishigaki et al. 2022 (European) || GCST90132223,Wald ratio,1,1.28072552886912,0.065458438956499,3.04545478625527e-85,BRD2,3.59925013837242,3.16586711644668,4.09195998507793,7.83512458645673e-84,TRUE,rs75396566,TRUE,1.06426904531327e-29
cg07954885,Snnyo2,GCST90132223,Rheumatoid arthritis || Ishigaki et al. 2022 (European) || GCST90132223,Wald ratio,1,2.49820081707908,0.129729604368191,1.23359423960282e-82,BRD2,12.1605951315422,9.43032718774955,15.6813301393606,2.90922641506331e-81,TRUE,rs2894315,TRUE,0.278244546004653
cg08898074,KUcf99,GCST90132223,Rheumatoid arthritis || Ishigaki et al. 2022 (European) || GCST90132223,Wald ratio,1,-0.833814023451231,0.0435159536738827,7.81862423891135e-82,HLA-DPA1,0.434389351644729,0.398875758553948,0.473064869889322,1.70205435354762e-80,TRUE,rs67510472,TRUE,5.10588676266002e-79
cg00403478,wjRVgJ,GCST90132223,Rheumatoid arthritis || Ishigaki et al. 2022 (European) || GCST90132223,Wald ratio,1,0.304739620730805,0.0159582582453706,2.72351980404529e-81,HLA-DPA1,1.35627181196318,1.31450666371963,1.3993639429113,5.50540074674869e-80,TRUE,rs67201607,TRUE,0
cg22941409,UcemiZ,GCST90132223,Rheumatoid arthritis || Ishigaki et al. 2022 (European) || GCST90132223,Wald ratio,1,1.58258786723371,0.0831951447877537,1.10850232399809e-80,HLA-DPA1,4.8675360632926,4.13515736031188,5.72962653243915,2.09137438460973e-79,TRUE,rs3211475,TRUE,9.58555473980208e-12
cg13031167,H2pXbL,GCST90132223,Rheumatoid arthritis || Ishigaki et al. 2022 (European) || GCST90132223,Wald ratio,1,1.45733291604427,0.076724546739987,1.89923352343598e-80,HLA-DPA1,4.29449047403712,3.69489746529732,4.99138300989673,3.35926929457739e-79,TRUE,rs9380337,TRUE,2.66271121043748e-15
cg20617328,6wQzm2,GCST90132223,Rheumatoid arthritis || Ishigaki et al. 2022 (European) || GCST90132223,Wald ratio,1,0.616155024604191,0.0328616013122235,1.93591029582684e-78,HLA-DPA1,1.85179423271192,1.73628241773231,1.97499084554677,3.22272125717056e-77,TRUE,rs66799959,TRUE,9.16074876697119e-188
cg10661769,qbJrjj,GCST90132223,Rheumatoid arthritis || Ishigaki et al. 2022 (European) || GCST90132223,Wald ratio,1,-0.68989665927675,0.0379250707019546,6.07706374474138e-74,VARS2,0.501627904978132,0.465692470223343,0.540336318798691,8.59904519880905e-73,TRUE,rs3218808,TRUE,3.71004499163877e-92
cg12433575,iWCdSX,GCST90132223,Rheumatoid arthritis || Ishigaki et al. 2022 (European) || GCST90132223,Wald ratio,1,-0.749023068165155,0.0411753737832831,6.07706374474138e-74,VARS2,0.472828248149855,0.436168430920635,0.512569311301534,8.59904519880905e-73,TRUE,rs3218808,TRUE,8.30634329730385e-74
cg15080939,23kXe1,GCST90132223,Rheumatoid arthritis || Ishigaki et al. 2022 (European) || GCST90132223,Wald ratio,1,-0.702849134021589,0.0386370954869104,6.07706374474138e-74,VARS2,0.495172479326605,0.459058401250308,0.53412764827881,8.59904519880905e-73,TRUE,rs3218808,TRUE,2.1122305530475e-87
cg20069765,IsXtOK,GCST90132223,Rheumatoid arthritis || Ishigaki et al. 2022 (European) || GCST90132223,Wald ratio,1,1.85864328917994,0.102420343487678,1.35095069776168e-73,HLA-DPA1,6.41502752754473,5.24827481505368,7.84116297818824,1.82056689269789e-72,TRUE,rs73738011,TRUE,6.87256799350537e-07
cg24421410,ryT59C,GCST90132223,Rheumatoid arthritis || Ishigaki et al. 2022 (European) || GCST90132223,Wald ratio,1,-0.412290227453407,0.0244937197853803,1.41050161479617e-63,HLA-DMA,0.662132079255897,0.631095602610986,0.694694890228832,1.81441798630599e-62,TRUE,rs11757367,TRUE,0
cg24275356,SVPIVM,GCST90132223,Rheumatoid arthritis || Ishigaki et al. 2022 (European) || GCST90132223,Wald ratio,1,2.31789751053541,0.137936232222046,2.27651965812553e-63,BRD2,10.1543025328865,7.74883489070395,13.3064985102577,2.80110897065011e-62,TRUE,rs9500927,TRUE,0.0199045821220627
cg24180805,WvrFP1,GCST90132223,Rheumatoid arthritis || Ishigaki et al. 2022 (European) || GCST90132223,Wald ratio,1,-2.11285063213898,0.126809176026392,2.49040398691365e-62,HLA-DRB1,0.120892853718203,0.0942884463355448,0.155003954865478,2.93660136790234e-61,TRUE,rs2621399,TRUE,0.0145292996339394
cg13906813,pdT5FN,GCST90132223,Rheumatoid arthritis || Ishigaki et al. 2022 (European) || GCST90132223,Wald ratio,1,0.417699507229194,0.0250874399158998,3.03888278549853e-62,HLA-DPA1,1.51846431828944,1.44560529769735,1.59499545940441,3.44001531318434e-61,TRUE,rs56301606,TRUE,0
cg14694191,6C8Ane,GCST90132223,Rheumatoid arthritis || Ishigaki et al. 2022 (European) || GCST90132223,Wald ratio,1,-2.70698236918604,0.162731193888513,3.90796843228018e-62,AIF1,0.0667378934834442,0.0485124162228459,0.091810443045095,4.25367333205881e-61,TRUE,rs62404577,TRUE,0.193541197643565
cg11936639,qVB7iy,GCST90132223,Rheumatoid arthritis || Ishigaki et al. 2022 (European) || GCST90132223,Wald ratio,1,-2.25036053311358,0.142628484493114,4.42494600797156e-56,BRD2,0.105361231500554,0.0796660016916679,0.139344122556541,4.63799896391093e-55,TRUE,rs150360,TRUE,0.070765791058527
cg26246342,EvhEKt,GCST90132223,Rheumatoid arthritis || Ishigaki et al. 2022 (European) || GCST90132223,Wald ratio,1,-2.22106452023416,0.143166200050904,2.7942987407323e-54,BRD2,0.108493553747272,0.0819480087587058,0.143638038105003,2.82423765581157e-53,TRUE,rs206776,TRUE,0.0411927228906542
cg04465120,AxIE7N,GCST90132223,Rheumatoid arthritis || Ishigaki et al. 2022 (European) || GCST90132223,Wald ratio,1,-1.18614441185679,0.0775037541838242,7.1515250639018e-53,CSNK2B,0.30539648008397,0.262356301405844,0.355497503006045,6.97890204511796e-52,TRUE,rs35149168,TRUE,1.96730978176485e-14
cg14851271,t1tfO7,GCST90132223,Rheumatoid arthritis || Ishigaki et al. 2022 (European) || GCST90132223,Wald ratio,1,-3.15044060688082,0.206505665999211,1.50286133598761e-52,HLA-DMA,0.0428332500840105,0.028575896042095,0.0642040169119009,1.41769919361497e-51,TRUE,rs204991,FALSE,0.745631826214051
cg09321817,aLYBkS,GCST90132223,Rheumatoid arthritis || Ishigaki et al. 2022 (European) || GCST90132223,Wald ratio,1,0.94808073966382,0.06255009592504,6.79621204257097e-52,HLA-DPA1,2.58075176858925,2.28298215637707,2.91735950387186,6.20428389692769e-51,TRUE,rs9277341,TRUE,7.41892859076175e-34
cg10966235,4H4PkH,GCST90132223,Rheumatoid arthritis || Ishigaki et al. 2022 (European) || GCST90132223,Wald ratio,1,-1.6281744386643,0.108990732444468,1.84677905068644e-50,WDR46,0.196287582265437,0.158532402519991,0.243034321937764,1.63324522295082e-49,TRUE,rs9277899,TRUE,3.29774183823505e-05
cg24536691,5BKWUd,GCST90132223,Rheumatoid arthritis || Ishigaki et al. 2022 (European) || GCST90132223,Wald ratio,1,0.47549440544685,0.0319347293316179,3.85235955445511e-50,VPS52,1.6088094050249,1.51119742907578,1.7127263796892,3.30369016336604e-49,TRUE,rs721845,TRUE,1.49166910615464e-182
cg15266497,E0m4uB,GCST90132223,Rheumatoid arthritis || Ishigaki et al. 2022 (European) || GCST90132223,Wald ratio,1,2.79107559074104,0.189001969136795,2.37559909580072e-49,BRD2,16.2985409370381,11.2529659199479,23.6064374997714,1.97733689444589e-48,TRUE,rs2647073,TRUE,0.000110920566105558
cg11958269,psIeFE,GCST90132223,Rheumatoid arthritis || Ishigaki et al. 2022 (European) || GCST90132223,Wald ratio,1,-1.26049934800586,0.0856188236381341,4.641533734305e-49,WDR46,0.28351241978574,0.239713158741857,0.335314475828692,3.75301156230947e-48,TRUE,rs2581,TRUE,2.31833034416059e-14
cg19563932,deW0Ix,GCST90132223,Rheumatoid arthritis || Ishigaki et al. 2022 (European) || GCST90132223,Wald ratio,1,0.379073385314941,0.0258692965550328,1.28122538073887e-48,AIF1,1.46093024263564,1.38870209186132,1.53691507081028,1.00718550763639e-47,TRUE,rs2242657,TRUE,0
cg02186769,rXMYui,GCST90132223,Rheumatoid arthritis || Ishigaki et al. 2022 (European) || GCST90132223,Wald ratio,1,-0.98109519156875,0.0675604473235966,8.82426734692353e-48,VARS2,0.374900286300563,0.328403032157754,0.427980898181013,6.7493720518361e-47,TRUE,rs113305794,TRUE,3.57512857469259e-20
cg02707277,mG3sW8,GCST90132223,Rheumatoid arthritis || Ishigaki et al. 2022 (European) || GCST90132223,Wald ratio,1,-1.27464102362226,0.0902701044418321,2.84773388009091e-45,BRD2,0.279531295344664,0.234202201370967,0.333633691825546,2.01477172016437e-44,TRUE,rs206773,TRUE,1.08442029459465e-13
cg06898831,U0j5Uc,GCST90132223,Rheumatoid arthritis || Ishigaki et al. 2022 (European) || GCST90132223,Wald ratio,1,-0.788793586830927,0.0558623786200816,2.84773388009091e-45,BRD2,0.45439265002324,0.40726799375064,0.506970062866174,2.01477172016437e-44,TRUE,rs206773,TRUE,9.23391485739181e-56
cg19556854,iXuJqC,GCST90132223,Rheumatoid arthritis || Ishigaki et al. 2022 (European) || GCST90132223,Wald ratio,1,-1.2214975768428,0.0865064844089948,2.84773388009098e-45,BRD2,0.294788367959252,0.248813841584984,0.349257827983007,2.01477172016437e-44,TRUE,rs206773,TRUE,1.58805847675143e-14
cg00047147,QtmPBS,GCST90132223,Rheumatoid arthritis || Ishigaki et al. 2022 (European) || GCST90132223,Wald ratio,1,2.45838695220298,0.17428862720842,3.52471972633273e-45,HLA-DMA,11.6859463388378,8.30436469021654,16.4445260930173,2.43291629890772e-44,TRUE,rs2858895,TRUE,0.372913907604791
cg16599770,wF57e3,GCST90132223,Rheumatoid arthritis || Ishigaki et al. 2022 (European) || GCST90132223,Wald ratio,1,-2.08831841894564,0.148269467210778,4.72222719208655e-45,AP4B1,0.123895300735752,0.0926499769831486,0.165677812820118,3.18188165562022e-44,TRUE,rs7523862,TRUE,0.0327051279387437
cg01782709,kd41Ac,GCST90132223,Rheumatoid arthritis || Ishigaki et al. 2022 (European) || GCST90132223,Wald ratio,1,-3.5967112284733,0.258146933561346,4.00311906799341e-44,HLA-DMA,0.0274137318567435,0.0165283330153054,0.0454681481561103,2.57473340055031e-43,TRUE,rs429916,FALSE,0.374052946040667
cg08306084,ghafO6,GCST90132223,Rheumatoid arthritis || Ishigaki et al. 2022 (European) || GCST90132223,Wald ratio,1,-3.44898100956811,0.247543885225739,4.00311906799341e-44,WDR46,0.0317780013647969,0.0195619871967393,0.05162263734174,2.57473340055031e-43,TRUE,rs429916,FALSE,0.509285960777946
cg12024328,q0FdSS,GCST90132223,Rheumatoid arthritis || Ishigaki et al. 2022 (European) || GCST90132223,Wald ratio,1,-2.74528017674232,0.197077726451095,4.16726963237585e-44,BRD2,0.0642303025863234,0.0436499771322102,0.0945139503243027,2.62074956880525e-43,TRUE,rs241434,TRUE,0.684863634085055
cg19013222,93qDCP,GCST90132223,Rheumatoid arthritis || Ishigaki et al. 2022 (European) || GCST90132223,Wald ratio,1,-0.335597748064533,0.0242376151379941,1.34208217191556e-43,VARS2,0.714910622166629,0.681742353208625,0.749692600556784,8.08104797132172e-43,TRUE,rs2535329,TRUE,0
cg27185298,2shqL8,GCST90132223,Rheumatoid arthritis || Ishigaki et al. 2022 (European) || GCST90132223,Wald ratio,1,-1.07154082808675,0.0773890598062654,1.34208217191562e-43,VARS2,0.342480407229064,0.294280058447263,0.398575526845646,8.08104797132172e-43,TRUE,rs2535329,TRUE,7.01563843899812e-18
cg11759354,1gLDqi,GCST90132223,Rheumatoid arthritis || Ishigaki et al. 2022 (European) || GCST90132223,Wald ratio,1,-2.58002616659398,0.192760575665068,7.43814042586929e-41,BRD2,0.0757720213011885,0.0519311282552969,0.110557952522092,4.38540362608543e-40,TRUE,rs9276933,TRUE,0.262369416477324
cg07151443,wyXjIi,GCST90132223,Rheumatoid arthritis || Ishigaki et al. 2022 (European) || GCST90132223,Wald ratio,1,-1.67391731729462,0.126441122895061,5.2442057736217e-40,HLA-DMA,0.187511084629586,0.146351807093438,0.240245799196149,3.02879639578559e-39,TRUE,rs28891483,TRUE,0.000344273553216898
cg01961387,tRlycH,GCST90132223,Rheumatoid arthritis || Ishigaki et al. 2022 (European) || GCST90132223,Wald ratio,1,-1.63375034912189,0.12423601854386,1.69330450150544e-39,BRD2,0.195196145986067,0.153009855372041,0.2490136031772,9.58410347852081e-39,TRUE,rs184054,TRUE,4.91649090984617e-05
cg01935221,HslGin,GCST90132223,Rheumatoid arthritis || Ishigaki et al. 2022 (European) || GCST90132223,Wald ratio,1,-1.80434872243506,0.138037607180824,4.79563722879107e-39,BRD2,0.16458160999025,0.125568678316379,0.215715469097594,2.66110850146642e-38,TRUE,rs28746929,TRUE,0.00406694599916103
cg06805323,x4RP0Z,GCST90132223,Rheumatoid arthritis || Ishigaki et al. 2022 (European) || GCST90132223,Wald ratio,1,1.82503187205056,0.143868765821523,7.12553095243907e-37,CSNK2B,6.20299271805182,4.67883473669092,8.22365414159009,3.87793319142357e-36,TRUE,rs10573,TRUE,0.000466662728010494
cg24198896,Uv0Zer,GCST90132223,Rheumatoid arthritis || Ishigaki et al. 2022 (European) || GCST90132223,Wald ratio,1,-1.41493210218577,0.113560048791662,1.23726755221068e-35,LSM2,0.242942108126886,0.194463693760622,0.303505846051594,6.60654183538912e-35,TRUE,rs28752957,TRUE,4.07370503978466e-08
cg03891050,KqPCw7,GCST90132223,Rheumatoid arthritis || Ishigaki et al. 2022 (European) || GCST90132223,Wald ratio,1,1.43862470817067,0.116175206124033,3.22099041790245e-35,LSM2,4.21489511826641,3.35657565559362,5.29269788046657,1.68803757086369e-34,TRUE,rs2269476,TRUE,1.05339953960141e-07
cg16113650,zWvyqx,GCST90132223,Rheumatoid arthritis || Ishigaki et al. 2022 (European) || GCST90132223,Wald ratio,1,-0.220804132033104,0.0178917921056975,5.44173888941435e-35,VARS2,0.801873726286028,0.774241030805904,0.830492633848845,2.75002161732904e-34,TRUE,rs1264311,TRUE,0
cg20584679,T07TYS,GCST90132223,Rheumatoid arthritis || Ishigaki et al. 2022 (European) || GCST90132223,Wald ratio,1,0.406650160552738,0.0329509238136326,5.44173888941435e-35,VARS2,1.50177863234501,1.40785370533689,1.60196975866067,2.75002161732904e-34,TRUE,rs753726,TRUE,1.35894535372086e-184
cg03531211,tzEvQP,GCST90132223,Rheumatoid arthritis || Ishigaki et al. 2022 (European) || GCST90132223,Wald ratio,1,0.922988411759896,0.0752979711314638,1.52562863175986e-34,HLA-DMA,2.51680039875684,2.17147006683772,2.91704884350863,7.57461232961473e-34,TRUE,rs4713598,TRUE,3.66134763504553e-28
cg17227127,mMgQYZ,GCST90132223,Rheumatoid arthritis || Ishigaki et al. 2022 (European) || GCST90132223,Wald ratio,1,0.666536478172325,0.0545074904880137,2.19358526677706e-34,WDR46,1.94748048499789,1.75015052201371,2.16705945673963,1.07031832844467e-33,TRUE,rs1014779,TRUE,2.42223309937541e-66
cg07269567,6ui4xo,GCST90132223,Rheumatoid arthritis || Ishigaki et al. 2022 (European) || GCST90132223,Wald ratio,1,2.19604627423338,0.179727572315776,2.4685105946116e-34,VARS2,8.98940151741319,6.3203856855696,12.7855076670037,1.18404830216116e-33,TRUE,rs2517582,TRUE,0.21954553716577
cg17451586,kmvQ9Z,GCST90132223,Rheumatoid arthritis || Ishigaki et al. 2022 (European) || GCST90132223,Wald ratio,1,-1.45480092590291,0.11930030371869,3.32765685100215e-34,BRD2,0.233446832493048,0.184772577452963,0.294943245108493,1.56954481472268e-33,TRUE,rs620202,TRUE,1.06907431599568e-06
cg15299536,tIUpMF,GCST90132223,Rheumatoid arthritis || Ishigaki et al. 2022 (European) || GCST90132223,Wald ratio,1,-1.40289038668687,0.116231766141687,1.52564839910839e-33,WDR46,0.245885232445132,0.195791561311727,0.308795471722793,7.07800814668321e-33,TRUE,rs467508,TRUE,3.3538544081156e-05
cg07607074,eY4yn8,GCST90132223,Rheumatoid arthritis || Ishigaki et al. 2022 (European) || GCST90132223,Wald ratio,1,1.36374604500091,0.114775180725723,1.47005841056869e-32,DAXX,3.91081598875784,3.12297692885261,4.89740463870261,6.6035957173165e-32,TRUE,rs2071889,TRUE,1.47152143289943e-07
cg10285420,JR0AzL,GCST90132223,Rheumatoid arthritis || Ishigaki et al. 2022 (European) || GCST90132223,Wald ratio,1,1.13901836091559,0.0958617175853415,1.47005841056869e-32,DAXX,3.12370051315908,2.58863159514852,3.76936792172254,6.6035957173165e-32,TRUE,rs2071889,TRUE,9.02487426561836e-14
cg12086028,2qKN4s,GCST90132223,Rheumatoid arthritis || Ishigaki et al. 2022 (European) || GCST90132223,Wald ratio,1,-0.30327830196905,0.0257786556673692,5.93327553440114e-32,VPS52,0.738393571387955,0.702012220437587,0.776660363443819,2.623620275368e-31,TRUE,rs462618,TRUE,0
cg16052901,dJkbQt,GCST90132223,Rheumatoid arthritis || Ishigaki et al. 2022 (European) || GCST90132223,Wald ratio,1,-0.324970636697585,0.0277295303768897,1.01509362634665e-31,VPS52,0.722548569742746,0.684326239841093,0.762905768100489,4.41956148086311e-31,TRUE,rs107860,TRUE,8.91730765256751e-254
cg13012686,TuJmdJ,GCST90132223,Rheumatoid arthritis || Ishigaki et al. 2022 (European) || GCST90132223,Wald ratio,1,1.18030548803402,0.101084097211982,1.68132694975387e-31,VPS52,3.25536852713623,2.6702728481209,3.9686671925405,6.79736466829077e-31,TRUE,rs415748,TRUE,1.13489211043175e-09
cg05318169,Qmwdop,GCST90132223,Rheumatoid arthritis || Ishigaki et al. 2022 (European) || GCST90132223,Wald ratio,1,-1.6874416089947,0.144516409838337,1.6813269497539e-31,WDR46,0.18499220147256,0.139360138468179,0.245566020397422,6.79736466829077e-31,TRUE,rs415748,TRUE,0.00618108926649529
cg10604993,uoOOx0,GCST90132223,Rheumatoid arthritis || Ishigaki et al. 2022 (European) || GCST90132223,Wald ratio,1,1.72302895469866,0.14756419259384,1.6813269497539e-31,WDR46,5.60146939170646,4.19462161672075,7.48016441367451,6.79736466829077e-31,TRUE,rs415748,TRUE,0.0100640471147651
cg16458752,B6wsI3,GCST90132223,Rheumatoid arthritis || Ishigaki et al. 2022 (European) || GCST90132223,Wald ratio,1,-0.428219422652354,0.0366737037032243,1.6813269497539e-31,WDR46,0.651668408299268,0.606470081296853,0.700235225894738,6.79736466829077e-31,TRUE,rs415748,TRUE,1.07701503990143e-146
cg21096118,jLDXHG,GCST90132223,Rheumatoid arthritis || Ishigaki et al. 2022 (European) || GCST90132223,Wald ratio,1,0.776589181193318,0.0665088971299064,1.6813269497539e-31,VPS52,2.17404433373465,1.90833616157418,2.47674852063007,6.79736466829077e-31,TRUE,rs415748,TRUE,2.14969570039009e-32
cg13851641,7VUtZu,GCST90132223,Rheumatoid arthritis || Ishigaki et al. 2022 (European) || GCST90132223,Wald ratio,1,2.54444424454422,0.218462384632585,2.3751549696134e-31,DAXX,12.736147935131,8.30002038367801,19.5432609472292,9.46716699155762e-31,TRUE,rs466886,TRUE,0.886247435099
cg09493313,3To0bb,GCST90132223,Rheumatoid arthritis || Ishigaki et al. 2022 (European) || GCST90132223,Wald ratio,1,-1.5565789712255,0.134172211847044,4.05622061963949e-31,HLA-DPA1,0.210856183807561,0.162097624246547,0.274281196017191,1.5943200491083e-30,TRUE,rs2982844,TRUE,0.000684446417263161
cg06071395,Txw5TN,GCST90132223,Rheumatoid arthritis || Ishigaki et al. 2022 (European) || GCST90132223,Wald ratio,1,-0.636683057877806,0.0551427753180938,7.72621491193169e-31,BRD2,0.529044326368161,0.474846873973926,0.589427696806761,2.995231260379e-30,TRUE,rs16871226,TRUE,4.00485591419925e-92
cg16435820,Wlh1AR,GCST90132223,Rheumatoid arthritis || Ishigaki et al. 2022 (European) || GCST90132223,Wald ratio,1,-1.36666822146555,0.119408554503475,2.48208437976426e-30,WDR46,0.254954999622452,0.201753426458234,0.322185615251204,9.36573172631066e-30,TRUE,rs469064,TRUE,4.72360929632435e-07
cg09992055,p9hDav,GCST90132223,Rheumatoid arthritis || Ishigaki et al. 2022 (European) || GCST90132223,Wald ratio,1,1.24693055064964,0.108946833094303,2.48208437976431e-30,DAXX,3.47964595189542,2.81059093330092,4.30796805293964,9.36573172631066e-30,TRUE,rs469064,TRUE,4.89833061694006e-09
cg02299465,O2lDk0,GCST90132223,Rheumatoid arthritis || Ishigaki et al. 2022 (European) || GCST90132223,Wald ratio,1,0.971286041852112,0.0849246215349968,2.73052078558153e-30,WDR46,2.64133914872085,2.23632475417327,3.11970454449696,1.00355504197349e-29,TRUE,rs474353,TRUE,1.04146898421285e-21
cg23834643,S2XUdU,GCST90132223,Rheumatoid arthritis || Ishigaki et al. 2022 (European) || GCST90132223,Wald ratio,1,2.55157267107022,0.223097351421295,2.73052078558159e-30,VPS52,12.8272609904496,8.28380051333645,19.8626975929963,1.00355504197349e-29,TRUE,rs474353,TRUE,0.575436183739257
cg02904996,MVrUkj,GCST90132223,Rheumatoid arthritis || Ishigaki et al. 2022 (European) || GCST90132223,Wald ratio,1,-2.12706977612248,0.18663321906623,4.32484104563254e-30,HLA-DPA1,0.119186024408174,0.0826722828995229,0.171826734620242,1.5691410460436e-29,TRUE,rs9277962,TRUE,0.104316865235836
cg16416806,lWx8zz,GCST90132223,Rheumatoid arthritis || Ishigaki et al. 2022 (European) || GCST90132223,Wald ratio,1,2.29771352046404,0.202050080941262,5.7651242477661e-30,BRD2,9.95140274334022,6.69723906634763,14.7867525078757,2.06522805331368e-29,TRUE,rs13199524,TRUE,0.164319801041849
cg09713850,jQ3ika,GCST90132223,Rheumatoid arthritis || Ishigaki et al. 2022 (European) || GCST90132223,Wald ratio,1,-1.35349493295765,0.119451856510214,9.22704960181326e-30,HLA-DMA,0.258335814724558,0.204411415841077,0.32648564609174,3.26406879664144e-29,TRUE,rs213218,TRUE,1.69600874789952e-07
cg08151983,FQENgZ,GCST90132223,Rheumatoid arthritis || Ishigaki et al. 2022 (European) || GCST90132223,Wald ratio,1,2.30983214009654,0.204209128299301,1.15616048850205e-29,VPS52,10.0727337049889,6.75026827561302,15.0305084404079,4.03942491661826e-29,TRUE,rs213204,TRUE,0.279706513414893
cg25703784,VlVzfs,GCST90132223,Rheumatoid arthritis || Ishigaki et al. 2022 (European) || GCST90132223,Wald ratio,1,-0.48332332171626,0.0428346558673866,1.58382976639789e-29,WDR46,0.616730388806743,0.567066188660534,0.670744227188286,5.46614419378783e-29,TRUE,rs1059288,TRUE,6.93041120397216e-126
cg20552903,7LPr7z,GCST90132223,Rheumatoid arthritis || Ishigaki et al. 2022 (European) || GCST90132223,Wald ratio,1,0.768276837905962,0.0683271417465386,2.47624659246018e-29,DAXX,2.15604783108702,1.8858066116892,2.46501535264591,8.44310585140036e-29,TRUE,rs3135408,TRUE,2.33107332579686e-38
cg00244776,moaFJo,GCST90132223,Rheumatoid arthritis || Ishigaki et al. 2022 (European) || GCST90132223,Wald ratio,1,-0.650372212736603,0.05788460170048,2.72423048519474e-29,VARS2,0.521851500832046,0.465880538873524,0.58454682305283,9.17806222988227e-29,TRUE,rs3129808,TRUE,2.40595215222303e-49
cg26264318,T4DxdT,GCST90132223,Rheumatoid arthritis || Ishigaki et al. 2022 (European) || GCST90132223,Wald ratio,1,1.95123298135974,0.174874653989788,6.55248648671241e-29,BRD2,7.03735916621276,4.99520603520819,9.91439065480201,2.18159255969366e-28,TRUE,rs9277656,TRUE,0.0844320652989114
cg15583349,Zih8cL,GCST90132223,Rheumatoid arthritis || Ishigaki et al. 2022 (European) || GCST90132223,Wald ratio,1,1.19206428191856,0.108139070223654,2.94589847863002e-28,DAXX,3.2938736780595,2.66475388971999,4.07152189508702,9.69406127270111e-28,TRUE,rs2894334,TRUE,9.04110490573037e-11
cg25192717,mYJTdq,GCST90132223,Rheumatoid arthritis || Ishigaki et al. 2022 (European) || GCST90132223,Wald ratio,1,1.66716523972299,0.151345496939392,3.21298910654357e-28,ZBTB9,5.29713039870472,3.93742936806551,7.12637303121135,1.04514473235843e-27,TRUE,rs3130271,TRUE,0.000888368790704236
cg00482994,5ZZWKq,GCST90132223,Rheumatoid arthritis || Ishigaki et al. 2022 (European) || GCST90132223,Wald ratio,1,-3.18336720486986,0.290156875762707,5.25738453006925e-28,BRD2,0.0414458631868547,0.0234690046057053,0.0731926898546814,1.69072707046545e-27,TRUE,rs116827595,FALSE,0.907600416695481
cg19243965,cxkjyd,GCST90132223,Rheumatoid arthritis || Ishigaki et al. 2022 (European) || GCST90132223,Wald ratio,1,-1.52821030441034,0.139522766736464,6.41939843722456e-28,WDR46,0.216923547234765,0.165022256349089,0.285148357475923,1.99636237113691e-27,TRUE,rs463260,TRUE,8.56587016622705e-05
cg07905975,acSnMI,GCST90132223,Rheumatoid arthritis || Ishigaki et al. 2022 (European) || GCST90132223,Wald ratio,1,1.43963197995605,0.131435729981722,6.41939843722469e-28,DAXX,4.21914280212432,3.26094799524116,5.45889293870844,1.99636237113691e-27,TRUE,rs464865,TRUE,8.34772251901894e-06
cg21782712,bQVHu7,GCST90132223,Rheumatoid arthritis || Ishigaki et al. 2022 (European) || GCST90132223,Wald ratio,1,-1.04424329230098,0.0953374760445971,6.41939843722469e-28,WDR46,0.351958048001394,0.291969847115667,0.424271440276083,1.99636237113691e-27,TRUE,rs463260,TRUE,2.18175570824435e-15
cg01910638,RS4SIR,GCST90132223,Rheumatoid arthritis || Ishigaki et al. 2022 (European) || GCST90132223,Wald ratio,1,-2.35118650537345,0.214708125067925,6.59963208647538e-28,HLA-DMA,0.0952560732956925,0.062535903541892,0.145096160538177,2.03010421790493e-27,TRUE,rs114595701,TRUE,0.128778638756948
cg02806715,gsP6Rq,GCST90132223,Rheumatoid arthritis || Ishigaki et al. 2022 (European) || GCST90132223,Wald ratio,1,-0.208361364281631,0.0192523575783237,2.68913234258648e-27,HLA-DMA,0.811913587123875,0.781847175616911,0.843136220881297,8.18305863389218e-27,TRUE,rs111234931,TRUE,0
cg00933603,v9CUbz,GCST90132223,Rheumatoid arthritis || Ishigaki et al. 2022 (European) || GCST90132223,Wald ratio,1,-0.159107561888873,0.014725790254357,3.27068774025966e-27,VARS2,0.852904614003779,0.82863947424395,0.877880312487715,9.84685777120727e-27,TRUE,rs2517573,TRUE,0
cg26246658,d7rEB6,GCST90132223,Rheumatoid arthritis || Ishigaki et al. 2022 (European) || GCST90132223,Wald ratio,1,0.279454147330785,0.0259774277800448,5.45872840223129e-27,BRD2,1.32240777547846,1.25676176988502,1.39148275078886,1.62612646087522e-26,TRUE,rs58173627,TRUE,0
cg09864211,iu6DMT,GCST90132223,Rheumatoid arthritis || Ishigaki et al. 2022 (European) || GCST90132223,Wald ratio,1,1.92491161120153,0.179583590549414,8.31190401476698e-27,DAXX,6.85454277432265,4.82074159313562,9.74637526971402,2.45028003768652e-26,TRUE,rs3130100,TRUE,0.030376010370877
cg01487013,gRN9Fn,GCST90132223,Rheumatoid arthritis || Ishigaki et al. 2022 (European) || GCST90132223,Wald ratio,1,-1.67149610366414,0.156891331029847,1.67306461298233e-26,WDR46,0.187965639088222,0.138206945438452,0.25563897216423,4.88120912859793e-26,TRUE,rs3130008,TRUE,0.00169462283842109
cg22562040,DBWAjS,GCST90132223,Rheumatoid arthritis || Ishigaki et al. 2022 (European) || GCST90132223,Wald ratio,1,0.389301464427451,0.0365800326154928,1.89074355932514e-26,ZBTB9,1.47594943052208,1.37383294096391,1.5856562006222,5.46000436009197e-26,TRUE,rs9278016,TRUE,2.23515695330701e-156
cg01815645,RhZjBB,GCST90132223,Rheumatoid arthritis || Ishigaki et al. 2022 (European) || GCST90132223,Wald ratio,1,0.376235463842513,0.0354794636866413,2.84536692675666e-26,HLA-DRB1,1.45679011478785,1.35892740395207,1.56170037661441,8.13372565931448e-26,TRUE,rs41270472,TRUE,1.89759761197739e-233
cg24498636,R6XUvT,GCST90132223,Rheumatoid arthritis || Ishigaki et al. 2022 (European) || GCST90132223,Wald ratio,1,1.05498901682497,0.101762316619138,3.49664797202669e-25,DAXX,2.87194361066877,2.35263241130475,3.50588560423975,9.89551376083553e-25,TRUE,rs3130262,TRUE,2.75618169624313e-12
cg03734967,Zjngah,GCST90132223,Rheumatoid arthritis || Ishigaki et al. 2022 (European) || GCST90132223,Wald ratio,1,1.85208944397938,0.179111530590598,4.62479321182938e-25,VPS52,6.37312190166157,4.48631137475192,9.05346940518241,1.29585789994823e-24,TRUE,rs211455,TRUE,0.0254275344608679
cg20452657,qvvZ4f,GCST90132223,Rheumatoid arthritis || Ishigaki et al. 2022 (European) || GCST90132223,Wald ratio,1,1.15212716197755,0.111966354441752,7.82244290745026e-25,CSNK2B,3.16491804775819,2.54129325577547,3.94157825991198,2.17034445373375e-24,TRUE,rs3115663,TRUE,5.18856472238666e-11
cg12785643,izChKq,GCST90132223,Rheumatoid arthritis || Ishigaki et al. 2022 (European) || GCST90132223,Wald ratio,1,1.17015365231887,0.118408405294171,4.96530922806112e-23,GNL1,3.22248774320481,2.55505353876326,4.06426992529153,1.36425486557407e-22,TRUE,rs34467061,TRUE,2.41974307727969e-07
cg13016528,qHss8N,GCST90132223,Rheumatoid arthritis || Ishigaki et al. 2022 (European) || GCST90132223,Wald ratio,1,1.25292059797821,0.127841607526265,1.11952316460988e-22,C6orf136,3.50055174667457,2.72468015585106,4.4973581595741,3.04639476523651e-22,TRUE,rs28367583,TRUE,5.39079763940589e-10
cg04812347,1WQGUN,GCST90132223,Rheumatoid arthritis || Ishigaki et al. 2022 (European) || GCST90132223,Wald ratio,1,-0.934062900105327,0.0954705174140804,1.32174746544184e-22,AIF1,0.392953930134474,0.325893344832016,0.473813883151624,3.56242412114326e-22,TRUE,rs9348849,TRUE,2.62028059401379e-13
cg23201206,2Kon4E,GCST90132223,Rheumatoid arthritis || Ishigaki et al. 2022 (European) || GCST90132223,Wald ratio,1,0.753952978037067,0.0782258379942895,5.51690683468067e-22,VARS2,2.12538503315722,1.82326770874085,2.47756350727473,1.47291003227795e-21,TRUE,rs35309029,TRUE,4.74853434490985e-26
cg15023057,gUzpfD,GCST90132223,Rheumatoid arthritis || Ishigaki et al. 2022 (European) || GCST90132223,Wald ratio,1,2.00336966411369,0.211137954244086,2.34519047732107e-21,C6orf136,7.4139967332822,4.90149016307009,11.2144155618768,6.20270004749405e-21,TRUE,rs148795728,TRUE,0.046829837302674
cg03686959,4afxv4,GCST90132223,Rheumatoid arthritis || Ishigaki et al. 2022 (European) || GCST90132223,Wald ratio,1,-0.344913337921382,0.0365501726301666,3.84672007954539e-21,GNL1,0.708281731975307,0.659316440896386,0.760883516218548,1.00798313195495e-20,TRUE,rs41265607,TRUE,2.71163614452093e-142
cg11404906,xOQOjv,GCST90132223,Rheumatoid arthritis || Ishigaki et al. 2022 (European) || GCST90132223,Wald ratio,1,0.627549249913786,0.0681061201456822,3.13357609975383e-20,HLA-DRB1,1.87301465900165,1.63895895121253,2.14049528832901,8.13579849752601e-20,TRUE,rs5017092,TRUE,4.48501997226151e-40
cg02774380,l8aTiz,GCST90132223,Rheumatoid arthritis || Ishigaki et al. 2022 (European) || GCST90132223,Wald ratio,1,-1.78824241317105,0.196949284132167,1.08864375926867e-19,AP4B1,0.167253874692641,0.113691912596925,0.246049679002922,2.80078348975484e-19,TRUE,rs1746860,TRUE,0.0125483726511826
cg15343510,ZAf9dv,GCST90132223,Rheumatoid arthritis || Ishigaki et al. 2022 (European) || GCST90132223,Wald ratio,1,0.768247116163288,0.0853607906848097,2.25717681190768e-19,AIF1,2.15598375054049,1.8238323360849,2.54862568265061,5.75478412405292e-19,TRUE,rs9468899,TRUE,1.18869343667637e-19
cg01140143,kcoOjy,GCST90132223,Rheumatoid arthritis || Ishigaki et al. 2022 (European) || GCST90132223,Wald ratio,1,-1.33262671724471,0.148404445052124,2.71517309090675e-19,HLA-DPA1,0.263783465917793,0.197207376850972,0.352835264089466,6.79994676749214e-19,TRUE,rs1054025,TRUE,8.59101254211694e-06
cg12391576,uDbbcB,GCST90132223,Rheumatoid arthritis || Ishigaki et al. 2022 (European) || GCST90132223,Wald ratio,1,0.310712339214268,0.0346016567694804,2.71517309090675e-19,HLA-DPA1,1.36439668130831,1.27493231629958,1.46013892672221,6.79994676749214e-19,TRUE,rs1054025,TRUE,3.36852804749254e-223
cg16362915,aJkLfe,GCST90132223,Rheumatoid arthritis || Ishigaki et al. 2022 (European) || GCST90132223,Wald ratio,1,1.12189635970563,0.126474934305825,7.28158511484141e-19,VPS52,3.07067178367685,2.3964907707336,3.93451346369377,1.80762156798256e-18,TRUE,rs3130014,TRUE,1.44970810627307e-08
cg20850275,TnWLsJ,GCST90132223,Rheumatoid arthritis || Ishigaki et al. 2022 (European) || GCST90132223,Wald ratio,1,1.60700718254622,0.1818074819861,9.65275553007641e-19,HLA-DMA,4.98786110971913,3.49266312348227,7.12314860330527,2.37541723044489e-18,TRUE,rs143074345,TRUE,2.14097450766626e-07
cg04138346,b4ltA4,GCST90132223,Rheumatoid arthritis || Ishigaki et al. 2022 (European) || GCST90132223,Wald ratio,1,-0.745134930024806,0.0853943912412901,2.64290371138296e-18,BRD2,0.474670248350384,0.401515983526281,0.56115286542327,6.39266453266135e-18,TRUE,rs79643712,TRUE,3.30513251147607e-29
cg25749212,GVyuDT,GCST90132223,Rheumatoid arthritis || Ishigaki et al. 2022 (European) || GCST90132223,Wald ratio,1,-0.92225917699023,0.10569328830572,2.64290371138296e-18,BRD2,0.397619732268117,0.323221309364351,0.489143032679041,6.39266453266135e-18,TRUE,rs79643712,TRUE,3.48759246921636e-16
cg21394121,OexyGn,GCST90132223,Rheumatoid arthritis || Ishigaki et al. 2022 (European) || GCST90132223,Wald ratio,1,1.92401972120214,0.22662732293006,2.07000282655945e-17,VARS2,6.84843200164548,4.39219968265552,10.6782533285931,4.96449830437562e-17,TRUE,rs9263449,TRUE,0.123878409314871
cg18643176,ljXg80,GCST90132223,Rheumatoid arthritis || Ishigaki et al. 2022 (European) || GCST90132223,Wald ratio,1,0.315352958799136,0.0378423550558963,7.85974686970209e-17,CSNK2B,1.37074304140133,1.27275258252599,1.47627788098541,1.8691666925426e-16,TRUE,rs41293856,TRUE,2.07473266375375e-222
cg19331040,v9mzhS,GCST90132223,Rheumatoid arthritis || Ishigaki et al. 2022 (European) || GCST90132223,Wald ratio,1,0.265774995941011,0.0331560886025419,1.09357444315171e-15,VARS2,1.30444152102764,1.22236690133984,1.39202696008523,2.55769890423089e-15,TRUE,rs1264306,TRUE,1.3636466259668e-201
cg00526088,01AMEr,GCST90132223,Rheumatoid arthritis || Ishigaki et al. 2022 (European) || GCST90132223,Wald ratio,1,0.855551555452023,0.10673217424451,1.09357444315173e-15,VARS2,2.35267165165984,1.90857424348657,2.90010405380533,2.55769890423089e-15,TRUE,rs1264306,TRUE,1.07991327327477e-12
cg07398561,LfK3HK,GCST90132223,Rheumatoid arthritis || Ishigaki et al. 2022 (European) || GCST90132223,Wald ratio,1,1.16096345882604,0.144868923804982,1.1113711972354e-15,AP4B1,3.19300812649355,2.40372680451915,4.24145575806953,2.57801679358703e-15,TRUE,rs1217397,TRUE,4.08526685948351e-08
cg04642669,pybQp7,GCST90132223,Rheumatoid arthritis || Ishigaki et al. 2022 (European) || GCST90132223,Wald ratio,1,-0.243309993022529,0.0304379831908661,1.31021976251759e-15,WDR46,0.784028432753176,0.738622406869205,0.8322257457243,2.99025961929417e-15,TRUE,rs1800837,TRUE,5.36550247110859e-291
cg18113453,1LDZrq,GCST90132223,Rheumatoid arthritis || Ishigaki et al. 2022 (European) || GCST90132223,Wald ratio,1,0.875227437089977,0.109490603683766,1.31021976251759e-15,DAXX,2.39942094923195,1.9360036106732,2.9737655755772,2.99025961929417e-15,TRUE,rs1800837,TRUE,2.49537612468775e-13
cg04968197,ABNYdI,GCST90132223,Rheumatoid arthritis || Ishigaki et al. 2022 (European) || GCST90132223,Wald ratio,1,1.16910855206634,0.148401875118047,3.32688191508395e-15,GNL1,3.21912167969389,2.40666236499051,4.30585716526799,7.53206065575005e-15,TRUE,rs115897579,TRUE,0.000194423677569138
cg27591807,bMm17I,GCST90132223,Rheumatoid arthritis || Ishigaki et al. 2022 (European) || GCST90132223,Wald ratio,1,0.725141264791835,0.0921304099340386,3.52342847651427e-15,GNL1,2.06502279437811,1.72385948090026,2.47370460791514,7.91373221312332e-15,TRUE,rs147406187,TRUE,1.09944796385183e-15
cg14475758,vJEr6B,GCST90132223,Rheumatoid arthritis || Ishigaki et al. 2022 (European) || GCST90132223,Wald ratio,1,-1.85527968781293,0.239116845599704,8.56804788165989e-15,HLA-DMA,0.156409190812308,0.0978862973338347,0.249920935175724,1.9092579137872e-14,TRUE,rs35514703,TRUE,0.00344244802892889
cg16958594,P0BXC1,GCST90132223,Rheumatoid arthritis || Ishigaki et al. 2022 (European) || GCST90132223,Wald ratio,1,1.25006326855867,0.161720608513911,1.07740224610011e-14,VARS2,3.49056379341595,2.54235515009795,4.79242075814504,2.38206902848696e-14,TRUE,rs116766154,TRUE,3.93236438261535e-07
cg18932158,MrfEHA,GCST90132223,Rheumatoid arthritis || Ishigaki et al. 2022 (European) || GCST90132223,Wald ratio,1,0.398266463291951,0.0541748673195501,1.9599676467335e-13,WDR46,1.48924080504935,1.3392151365175,1.65607310950151,4.29977398469443e-13,TRUE,rs116540075,TRUE,2.09853535343818e-128
cg04872610,z2hri9,GCST90132223,Rheumatoid arthritis || Ishigaki et al. 2022 (European) || GCST90132223,Wald ratio,1,0.538708759114735,0.078550087937102,6.97550503242047e-12,AP4B1,1.71379251390119,1.46924782587509,1.99903973242529,1.51851378782692e-11,TRUE,rs12734625,TRUE,1.88736354490856e-43
cg17674495,PUV3qP,GCST90132223,Rheumatoid arthritis || Ishigaki et al. 2022 (European) || GCST90132223,Wald ratio,1,1.30025083669817,0.19348285258219,1.81427858970393e-11,BRD2,3.67021717732393,2.51186233871434,5.36275174045498,3.91939573195581e-11,TRUE,rs206766,TRUE,0.000794297823709398
cg13054323,63ztHR,GCST90132223,Rheumatoid arthritis || Ishigaki et al. 2022 (European) || GCST90132223,Wald ratio,1,-1.51453557281516,0.226322242113313,2.20226461431317e-11,WDR46,0.219910293453426,0.141122472354644,0.342684877609294,4.72152186250476e-11,TRUE,rs3130169,TRUE,0.0119457707852131
cg16555181,reswi8,GCST90132223,Rheumatoid arthritis || Ishigaki et al. 2022 (European) || GCST90132223,Wald ratio,1,-0.989038797947662,0.148079551871493,2.40406735207877e-11,VARS2,0.371934023006664,0.278239028599183,0.497180133809337,5.11542150855859e-11,TRUE,rs3130549,TRUE,3.42876734739702e-07
cg26860970,s32N4L,GCST90132223,Rheumatoid arthritis || Ishigaki et al. 2022 (European) || GCST90132223,Wald ratio,1,-0.410499161322988,0.0622289856958191,4.20719566479591e-11,VARS2,0.663319064263926,0.58715409942765,0.749364062083307,8.88534606818837e-11,TRUE,rs4713382,TRUE,1.71819103282772e-51
cg10486455,yuJ1aT,GCST90132223,Rheumatoid arthritis || Ishigaki et al. 2022 (European) || GCST90132223,Wald ratio,1,0.751470798451699,0.114198006565986,4.69122517500842e-11,WDR46,2.12011598788049,1.69493214160954,2.65195974028674,9.8341979594621e-11,TRUE,rs7743445,TRUE,2.0544271486075e-15
cg14266999,dzVnu6,GCST90132223,Rheumatoid arthritis || Ishigaki et al. 2022 (European) || GCST90132223,Wald ratio,1,-0.841679455999679,0.128577251674924,5.9059322570393e-11,VPS52,0.430986093095093,0.334977849820288,0.55451132825954,1.22895502113391e-10,TRUE,rs9461875,TRUE,1.69529648779472e-11
cg24517380,bQPEVM,GCST90132223,Rheumatoid arthritis || Ishigaki et al. 2022 (European) || GCST90132223,Wald ratio,1,-0.649737281696493,0.100069548336094,8.422354779703e-11,VARS2,0.522182945759454,0.429182262298957,0.635336202809058,1.73980029390945e-10,TRUE,rs35299283,TRUE,6.71896164337214e-19
cg09597022,ACKsPB,GCST90132223,Rheumatoid arthritis || Ishigaki et al. 2022 (European) || GCST90132223,Wald ratio,1,0.313387516291882,0.0487333595141747,1.27053626867178e-10,DAXX,1.36805157059323,1.24342557549776,1.50516857356211,2.56829831452942e-10,TRUE,rs3106191,TRUE,2.1617756405744e-114
cg09365002,eXQQi5,GCST90132223,Rheumatoid arthritis || Ishigaki et al. 2022 (European) || GCST90132223,Wald ratio,1,0.409116090986304,0.0636196418446353,1.27053626867179e-10,DAXX,1.50548648375191,1.32899310681345,1.70541859181955,2.56829831452942e-10,TRUE,rs3106191,TRUE,1.293189793023e-62
cg11245145,e1rQzK,GCST90132223,Rheumatoid arthritis || Ishigaki et al. 2022 (European) || GCST90132223,Wald ratio,1,-0.988612441479979,0.15373428431641,1.2705362686718e-10,DAXX,0.372092633292782,0.275289601590507,0.502935552054397,2.56829831452942e-10,TRUE,rs2282851,TRUE,2.14947693019638e-07
cg26521092,1wOmzU,GCST90132223,Rheumatoid arthritis || Ishigaki et al. 2022 (European) || GCST90132223,Wald ratio,1,0.211543510069042,0.0331132296166632,1.67532644655644e-10,DAXX,1.23558372479233,1.15793886022105,1.31843501709603,3.36253464096079e-10,TRUE,rs9278029,TRUE,2.84453004271931e-257
cg02149965,cZpRKk,GCST90132223,Rheumatoid arthritis || Ishigaki et al. 2022 (European) || GCST90132223,Wald ratio,1,-0.434237347679914,0.0682197902752076,1.94947182185061e-10,VARS2,0.647758493262998,0.566687010924271,0.740428239055618,3.88521496889946e-10,TRUE,rs9263783,TRUE,1.2467241455104e-44
cg18888137,rlCjD2,GCST90132223,Rheumatoid arthritis || Ishigaki et al. 2022 (European) || GCST90132223,Wald ratio,1,-0.700870518884091,0.110528480361917,2.28152210427156e-10,BRD2,0.496153205009259,0.39951405201338,0.616168571794605,4.51518010845351e-10,TRUE,rs188245,TRUE,8.85308522806609e-16
cg14219599,4yYou2,GCST90132223,Rheumatoid arthritis || Ishigaki et al. 2022 (European) || GCST90132223,Wald ratio,1,-1.20440051984163,0.193429443588116,4.76780077304558e-10,GNL1,0.299871712782464,0.205250882859171,0.438112825019065,9.37005290813819e-10,TRUE,rs2524186,TRUE,0.00109574341476713
cg06879746,ZKikuu,GCST90132223,Rheumatoid arthritis || Ishigaki et al. 2022 (European) || GCST90132223,Wald ratio,1,-0.659797333893559,0.107504291965244,8.38805704682743e-10,VARS2,0.516956093354446,0.418739719686989,0.638209345547773,1.63711734086356e-09,TRUE,rs3134780,TRUE,1.10030018169513e-16
cg13432737,vSleiu,GCST90132223,Rheumatoid arthritis || Ishigaki et al. 2022 (European) || GCST90132223,Wald ratio,1,-0.529429034850869,0.0873214122416369,1.33612208943351e-09,IKZF3,0.588941138563873,0.49629786271062,0.698878014099271,2.58988048842249e-09,TRUE,rs4795397,TRUE,1.08526103570119e-34
cg26059973,ELDeyB,GCST90132223,Rheumatoid arthritis || Ishigaki et al. 2022 (European) || GCST90132223,Wald ratio,1,0.374435795352205,0.0618144401489817,1.38325302182406e-09,BRD2,1.45417073323747,1.28824328106463,1.64146986247569,2.66299731412387e-09,TRUE,rs3918149,TRUE,3.58448917425712e-78
cg24290947,93hfeg,GCST90132223,Rheumatoid arthritis || Ishigaki et al. 2022 (European) || GCST90132223,Wald ratio,1,2.00218630647235,0.335465014276543,2.39604915907058e-09,HLA-DMA,7.40522851258873,3.83693886643132,14.2919684760734,4.58163454065523e-09,TRUE,rs9272664,TRUE,2.68067881768538e-06
cg20223162,evKwaU,GCST90132223,Rheumatoid arthritis || Ishigaki et al. 2022 (European) || GCST90132223,Wald ratio,1,-0.336519788291082,0.0565214114700784,2.61913026018276e-09,DAXX,0.714251749614781,0.639350951962505,0.797927273372847,4.97458968880349e-09,TRUE,rs3116989,TRUE,1.57815858609477e-78
cg00586094,NpHBri,GCST90132223,Rheumatoid arthritis || Ishigaki et al. 2022 (European) || GCST90132223,Wald ratio,1,-0.191984323486965,0.0332749598784123,7.94441173621872e-09,LSM2,0.825319806526976,0.773211046632135,0.880940315082942,1.49248188319195e-08,TRUE,rs140091914,TRUE,6.27501367297879e-284
cg05267955,OLf0Km,GCST90132223,Rheumatoid arthritis || Ishigaki et al. 2022 (European) || GCST90132223,Wald ratio,1,-0.614019288392579,0.106430009988047,7.96341923540582e-09,VARS2,0.541171368188731,0.439278307915311,0.666699093650045,1.49248188319195e-08,TRUE,rs9468936,TRUE,5.85550243100641e-17
cg20709984,BE3Qh7,GCST90132223,Rheumatoid arthritis || Ishigaki et al. 2022 (European) || GCST90132223,Wald ratio,1,-0.200468242512483,0.0348519197692078,8.81937995511454e-09,IKZF3,0.818347478272895,0.764312910261979,0.876202123768994,1.64202929427461e-08,TRUE,rs4795401,TRUE,3.11714479739593e-233
cg27525647,tcj1f5,GCST90132223,Rheumatoid arthritis || Ishigaki et al. 2022 (European) || GCST90132223,Wald ratio,1,0.736489886488327,0.132920826659035,3.01064867325448e-08,VARS2,2.08859143973383,1.60956678675102,2.7101790606246,5.56871617340535e-08,TRUE,rs9265994,TRUE,5.09387124687917e-12
cg13852084,g3pLyS,GCST90132223,Rheumatoid arthritis || Ishigaki et al. 2022 (European) || GCST90132223,Wald ratio,1,-0.910901156632631,0.164762483111846,3.22848973212775e-08,HLA-DMA,0.402161650051864,0.291173600750711,0.555455550762335,5.93287398826073e-08,TRUE,rs3129844,TRUE,2.20821335377651e-05
cg27237087,1K49sx,GCST90132223,Rheumatoid arthritis || Ishigaki et al. 2022 (European) || GCST90132223,Wald ratio,1,-0.923532606231135,0.168669128682932,4.36500174148888e-08,BRD2,0.39711371393194,0.285325655989405,0.552699340148628,7.96964834091196e-08,TRUE,rs142488396,TRUE,1.74843549366523e-07
cg14425045,sjkXA4,GCST90132223,Rheumatoid arthritis || Ishigaki et al. 2022 (European) || GCST90132223,Wald ratio,1,0.156484644199386,0.0291339535039759,7.82091450496106e-08,PHF19,1.16939280521841,1.10448823874308,1.23811144829646,1.41879410570768e-07,TRUE,rs7848332,TRUE,0
cg08781655,CJbfSs,GCST90132223,Rheumatoid arthritis || Ishigaki et al. 2022 (European) || GCST90132223,Wald ratio,1,0.444268208154295,0.0833798499544593,9.91666950581082e-08,ZBTB9,1.55934865956646,1.32424661098513,1.83618989236667,1.78752705104743e-07,TRUE,rs3117320,TRUE,1.65231197278772e-35
cg10921592,qvooYz,GCST90132223,Rheumatoid arthritis || Ishigaki et al. 2022 (European) || GCST90132223,Wald ratio,1,0.561195963987313,0.105550823766701,1.05589657961419e-07,HLA-DPA1,1.75276749407888,1.42520597823489,2.15561394999511,1.89125779766339e-07,TRUE,rs3117018,TRUE,1.57676458376811e-20
cg24268004,cJTGqd,GCST90132223,Rheumatoid arthritis || Ishigaki et al. 2022 (European) || GCST90132223,Wald ratio,1,-0.440685659107954,0.0829821783199001,1.09261276234187e-07,VARS2,0.643594983000487,0.546986734286884,0.75726608376237,1.94471328140094e-07,TRUE,rs10807077,TRUE,1.15428512378123e-25
cg05796763,c8eKAj,GCST90132223,Rheumatoid arthritis || Ishigaki et al. 2022 (European) || GCST90132223,Wald ratio,1,0.199519995373449,0.0378798831795969,1.38538696090812e-07,ZBTB9,1.22081661987117,1.13346059271672,1.31490519293789,2.43518329153416e-07,TRUE,rs465877,TRUE,3.33008628091808e-207
cg00408278,bTgx7v,GCST90132223,Rheumatoid arthritis || Ishigaki et al. 2022 (European) || GCST90132223,Wald ratio,1,0.293055974965375,0.0556381633629915,1.38538696090813e-07,ZBTB9,1.34051782377044,1.20202204327252,1.49497094991196,2.43518329153416e-07,TRUE,rs465877,TRUE,2.33067563683939e-88
cg05103231,y8LwWG,GCST90132223,Rheumatoid arthritis || Ishigaki et al. 2022 (European) || GCST90132223,Wald ratio,1,-0.16642982670204,0.0321248270145798,2.21027640627825e-07,VARS2,0.84668222933519,0.795014848097021,0.901707432493792,3.86116187022682e-07,TRUE,rs1049628,TRUE,7.57037108197478e-241
cg00798281,1rezX9,GCST90132223,Rheumatoid arthritis || Ishigaki et al. 2022 (European) || GCST90132223,Wald ratio,1,0.586581255470103,0.113281565209835,2.24178468759227e-07,HLA-DPA1,1.7978315702078,1.4398650409868,2.24479257626858,3.89217832262953e-07,TRUE,rs2567279,TRUE,3.76668172711526e-12
cg00649377,S7YFhc,GCST90132223,Rheumatoid arthritis || Ishigaki et al. 2022 (European) || GCST90132223,Wald ratio,1,-0.1382783168925,0.0268470182504736,2.59651104706687e-07,VARS2,0.870856283999501,0.826216467450473,0.917907954221308,4.4534098564844e-07,TRUE,rs2074508,TRUE,0
cg18261909,RA3ynB,GCST90132223,Rheumatoid arthritis || Ishigaki et al. 2022 (European) || GCST90132223,Wald ratio,1,-0.191345456205613,0.0371501119650664,2.59651104706687e-07,VARS2,0.82584724481161,0.76785092276682,0.88822406998662,4.4534098564844e-07,TRUE,rs2074508,TRUE,1.80324815427435e-178
cg19468946,owt9uT,GCST90132223,Rheumatoid arthritis || Ishigaki et al. 2022 (European) || GCST90132223,Wald ratio,1,-0.186393990700713,0.0365267762756439,3.34414973008547e-07,IKZF3,0.829946539339134,0.772605683690649,0.891543089445877,5.70117092538668e-07,TRUE,rs1476278,TRUE,2.91445678513705e-259
cg26262232,RgKJy8,GCST90132223,Rheumatoid arthritis || Ishigaki et al. 2022 (European) || GCST90132223,Wald ratio,1,-0.182981566346559,0.0367006753793954,6.17116992005688e-07,HLA-DMA,0.832783506838158,0.774982453841055,0.894895575795708,1.04577310621323e-06,TRUE,rs1150752,TRUE,5.80858883318465e-264
cg07906263,Wd9Z4C,GCST90132223,Rheumatoid arthritis || Ishigaki et al. 2022 (European) || GCST90132223,Wald ratio,1,0.0798307660169299,0.016201481992098,8.33420049031901e-07,VARS2,1.08310375420156,1.04925024980637,1.11804952401203,1.40391591592874e-06,TRUE,rs9501491,TRUE,0
cg01105943,GAJu1l,GCST90132223,Rheumatoid arthritis || Ishigaki et al. 2022 (European) || GCST90132223,Wald ratio,1,0.486488977323117,0.101981384997858,1.83887493593775e-06,BRD2,1.62659516993653,1.33189862614914,1.98649641565481,3.07929944893718e-06,TRUE,rs2855440,TRUE,2.87723605066163e-23
cg10629123,z3soRR,GCST90132223,Rheumatoid arthritis || Ishigaki et al. 2022 (European) || GCST90132223,Wald ratio,1,0.513871256051671,0.109473367743917,2.67874918848302e-06,WDR46,1.67175045822627,1.34891889792475,2.07184405146917,4.45932953141586e-06,TRUE,rs2239842,TRUE,1.7397855590523e-20
cg14352682,qVHFy1,GCST90132223,Rheumatoid arthritis || Ishigaki et al. 2022 (European) || GCST90132223,Wald ratio,1,-0.893768599122403,0.190593626953404,2.74015414591758e-06,C6orf136,0.40911106831929,0.281581850548906,0.594398630078898,4.53487499002735e-06,TRUE,rs1118204,TRUE,9.8743674389301e-05
cg11400761,SAQMp6,GCST90132223,Rheumatoid arthritis || Ishigaki et al. 2022 (European) || GCST90132223,Wald ratio,1,-1.05395544765327,0.225607076654213,2.98801722999151e-06,WDR46,0.348556322543981,0.223991915813756,0.542392387439559,4.9163306749279e-06,TRUE,rs3130256,TRUE,0.000689810594347949
cg11615303,OomXUo,GCST90132223,Rheumatoid arthritis || Ishigaki et al. 2022 (European) || GCST90132223,Wald ratio,1,-0.282857811705997,0.0646336380402076,1.20696961409962e-05,VPS52,0.753626937170359,0.663955770601095,0.855408726871361,1.97440694098376e-05,TRUE,rs74966913,TRUE,1.48053453024286e-63
cg00087898,Bmb8Zx,GCST90132223,Rheumatoid arthritis || Ishigaki et al. 2022 (European) || GCST90132223,Wald ratio,1,0.441114668182886,0.101201438759997,1.30790329929489e-05,WDR46,1.55443893681149,1.2747624508757,1.89547504055816,2.11506647828831e-05,TRUE,rs3130007,TRUE,3.19980943134361e-24
cg23120848,Zu5SCq,GCST90132223,Rheumatoid arthritis || Ishigaki et al. 2022 (European) || GCST90132223,Wald ratio,1,-0.571269639269735,0.131061861198486,1.30790329929489e-05,WDR46,0.564807881010631,0.436856336563622,0.730235356000747,2.11506647828831e-05,TRUE,rs3130007,TRUE,1.53186883244846e-13
cg02683893,GYYFju,GCST90132223,Rheumatoid arthritis || Ishigaki et al. 2022 (European) || GCST90132223,Wald ratio,1,0.240844152843011,0.0557765100282913,1.57434310635045e-05,VPS52,1.27232273197557,1.14056322017496,1.41930329302875,2.51717005139649e-05,TRUE,rs77258644,TRUE,9.72366211206547e-91
cg24950709,aBNcXj,GCST90132223,Rheumatoid arthritis || Ishigaki et al. 2022 (European) || GCST90132223,Wald ratio,1,-0.375715612182779,0.0870110623958481,1.57434310635045e-05,VPS52,0.686797622148699,0.579113209579028,0.814505637217275,2.51717005139649e-05,TRUE,rs77258644,TRUE,1.22206549733397e-34
cg00058113,OHx4HY,GCST90132223,Rheumatoid arthritis || Ishigaki et al. 2022 (European) || GCST90132223,Wald ratio,1,0.514097843896473,0.119223348666781,1.61742913312687e-05,VPS52,1.67212929947844,1.32368575014439,2.11229621068992,2.57153058806126e-05,TRUE,rs79720727,TRUE,2.64147940664988e-17
cg03077751,Irdr9p,GCST90132223,Rheumatoid arthritis || Ishigaki et al. 2022 (European) || GCST90132223,Wald ratio,1,-0.584820762690797,0.13610600109382,1.73278549343713e-05,BRD2,0.557205724917116,0.426736511700978,0.727564226090797,2.73954354548998e-05,TRUE,rs6940269,TRUE,1.27832757944837e-12
cg16904116,ryB91T,GCST90132223,Rheumatoid arthritis || Ishigaki et al. 2022 (European) || GCST90132223,Wald ratio,1,-0.545875026172476,0.127115406590122,1.75224652077746e-05,VPS52,0.579334628522758,0.4515716510755,0.743245531481528,2.73970036121559e-05,TRUE,rs112931721,TRUE,1.52853059993663e-14
cg17334970,hneoyx,GCST90132223,Rheumatoid arthritis || Ishigaki et al. 2022 (European) || GCST90132223,Wald ratio,1,-0.311482449404357,0.072533485327852,1.75224652077746e-05,VPS52,0.732360463754942,0.63530627048178,0.844241390006454,2.73970036121559e-05,TRUE,rs112931721,TRUE,2.14910084218861e-44
cg25602049,RIdWOG,GCST90132223,Rheumatoid arthritis || Ishigaki et al. 2022 (European) || GCST90132223,Wald ratio,1,-0.236501915081308,0.0574131565572171,3.8002800293572e-05,VARS2,0.789384370565268,0.705370768298341,0.883404462586362,5.90922663905543e-05,TRUE,rs73727137,TRUE,4.87010475728536e-80
cg12841873,C1jY0c,GCST90132223,Rheumatoid arthritis || Ishigaki et al. 2022 (European) || GCST90132223,Wald ratio,1,0.275455576900234,0.0670718969775663,4.01056400974351e-05,ZBTB9,1.31713059247547,1.15487794010234,1.50217866095965,6.13507899868872e-05,TRUE,rs1613451,TRUE,2.20485641401767e-58
cg13098139,V1L5JS,GCST90132223,Rheumatoid arthritis || Ishigaki et al. 2022 (European) || GCST90132223,Wald ratio,1,0.182151829305453,0.0443529547193575,4.01056400974351e-05,ZBTB9,1.19979634429727,1.09990084854522,1.30876457609163,6.13507899868872e-05,TRUE,rs1613451,TRUE,3.17679379776049e-156
cg22297966,LVTCOw,GCST90132223,Rheumatoid arthritis || Ishigaki et al. 2022 (European) || GCST90132223,Wald ratio,1,0.227118641205738,0.0553021226727727,4.01056400974351e-05,ZBTB9,1.25497875130048,1.12606187658193,1.39865463787516,6.13507899868872e-05,TRUE,rs1613451,TRUE,5.66818240502879e-99
cg23528297,6zVlzy,GCST90132223,Rheumatoid arthritis || Ishigaki et al. 2022 (European) || GCST90132223,Wald ratio,1,0.234462502112793,0.0575468974330138,4.6155789107203e-05,VARS2,1.26422906562804,1.12938200302732,1.41517673036631,7.02262812760131e-05,TRUE,rs9468847,TRUE,7.44102066616533e-72
cg16489547,ptVtCf,GCST90132223,Rheumatoid arthritis || Ishigaki et al. 2022 (European) || GCST90132223,Wald ratio,1,0.587804570130034,0.144426208812019,4.70272515221763e-05,ZNF785,1.80003222969879,1.35625767985768,2.38901211478808,7.11695838544165e-05,TRUE,rs28728333,TRUE,5.5902756701468e-14
cg02015582,sAwtMa,GCST90132223,Rheumatoid arthritis || Ishigaki et al. 2022 (European) || GCST90132223,Wald ratio,1,-0.622506077807485,0.153605395822626,5.0644723389388e-05,HLA-DMA,0.536597994827813,0.397097810883121,0.725104496075853,7.59702954583324e-05,TRUE,rs9276733,TRUE,9.92621615702755e-09
cg02632792,O6Hfs5,GCST90132223,Rheumatoid arthritis || Ishigaki et al. 2022 (European) || GCST90132223,Wald ratio,1,0.860858332920963,0.212441749154925,5.0736345730123e-05,INPP5B,2.36518994308792,1.55966726146335,3.58674161156372,7.59702954583324e-05,TRUE,rs76762310,TRUE,2.83040366552606e-07
cg14910283,EX0pBp,GCST90132223,Rheumatoid arthritis || Ishigaki et al. 2022 (European) || GCST90132223,Wald ratio,1,0.642310107319814,0.159677092100066,5.75698647311779e-05,DAXX,1.90086701794102,1.39005457200014,2.59939105462373,8.52998519315359e-05,TRUE,rs3130025,TRUE,9.69744636883525e-09
cg27052777,2tLqkr,GCST90132223,Rheumatoid arthritis || Ishigaki et al. 2022 (European) || GCST90132223,Wald ratio,1,0.501135282171949,0.124581294446484,5.75698647311779e-05,DAXX,1.65059409745753,1.29298816298457,2.10710426634753,8.52998519315359e-05,TRUE,rs3130025,TRUE,3.87110942595725e-16
cg20359445,2NXiVc,GCST90132223,Rheumatoid arthritis || Ishigaki et al. 2022 (European) || GCST90132223,Wald ratio,1,-0.34460804205255,0.0860655992688917,6.22761329694492e-05,IKZF4,0.708498000473308,0.598519234521744,0.838685522071454,9.17924251580943e-05,TRUE,rs71459342,TRUE,7.81058206988881e-49
cg17711527,3gTN2o,GCST90132223,Rheumatoid arthritis || Ishigaki et al. 2022 (European) || GCST90132223,Wald ratio,1,-0.179932602545715,0.0455350911350353,7.76579544462191e-05,LAX1,0.835326508394276,0.764004667019212,0.913306430899887,0.000113871508333057,TRUE,rs11240440,TRUE,1.47565343572306e-242
cg27057509,EjkXf0,GCST90132223,Rheumatoid arthritis || Ishigaki et al. 2022 (European) || GCST90132223,Wald ratio,1,-0.773839857253406,0.197452571456779,8.88737284275782e-05,VARS2,0.461238573306546,0.313220802669612,0.679204636769476,0.000129645696623735,TRUE,rs28367627,TRUE,3.51668342733557e-05
cg03477252,4xNaqD,GCST90132223,Rheumatoid arthritis || Ishigaki et al. 2022 (European) || GCST90132223,Wald ratio,1,0.304003297827775,0.0802568706265326,0.000151938938341214,DAXX,1.35527352554098,1.15800631372152,1.58614534935427,0.000220506254105454,TRUE,rs62407928,TRUE,1.68835658647513e-43
cg17633523,k5BGTw,GCST90132223,Rheumatoid arthritis || Ishigaki et al. 2022 (European) || GCST90132223,Wald ratio,1,0.690331172701535,0.193246163015944,0.000353874365984592,PGAP3,1.99437590674512,1.36556558825883,2.91273834929964,0.000510951252926732,TRUE,rs12951665,TRUE,3.04089034758706e-06
cg24129356,XY1iVN,GCST90132223,Rheumatoid arthritis || Ishigaki et al. 2022 (European) || GCST90132223,Wald ratio,1,0.307160587550756,0.0861547989471634,0.000363554720813146,HLA-DMA,1.35955927883721,1.14831675819925,1.60966163689099,0.000522263888274722,TRUE,rs2621358,TRUE,5.96166047985015e-39
cg05658246,dLzGDD,GCST90132223,Rheumatoid arthritis || Ishigaki et al. 2022 (European) || GCST90132223,Wald ratio,1,0.153201014061055,0.043674231179989,0.000451807364356289,VPS52,1.16555924919422,1.06993673541803,1.2697277496986,0.000642520020667488,TRUE,rs213205,TRUE,4.0691912664062e-129
cg12958642,KQzcuV,GCST90132223,Rheumatoid arthritis || Ishigaki et al. 2022 (European) || GCST90132223,Wald ratio,1,0.624490602042321,0.178028501250372,0.00045180736435629,VPS52,1.86729451910801,1.31726120916593,2.64699878568396,0.000642520020667488,TRUE,rs213205,TRUE,1.83824869243039e-06
cg07340473,uFfVrC,GCST90132223,Rheumatoid arthritis || Ishigaki et al. 2022 (European) || GCST90132223,Wald ratio,1,-0.463733176414999,0.132756421954767,0.000477424529449154,WDR46,0.628931345797166,0.484840279235671,0.815845247737686,0.000675555709170553,TRUE,rs115311892,TRUE,7.47727942769512e-15
cg03078690,SrFvsz,GCST90132223,Rheumatoid arthritis || Ishigaki et al. 2022 (European) || GCST90132223,Wald ratio,1,0.236338991388599,0.0689767644550435,0.000611736703610859,VPS52,1.26660360511403,1.10643654686354,1.44995634592474,0.000861300930954592,TRUE,rs213222,TRUE,6.24731112204877e-49
cg09468902,BzsY3P,GCST90132223,Rheumatoid arthritis || Ishigaki et al. 2022 (European) || GCST90132223,Wald ratio,1,0.214382566828417,0.0637230559574913,0.000767420523241336,RETSAT,1.23909660138644,1.09361134148272,1.40393605052211,0.00107514855483811,TRUE,rs3755018,TRUE,1.98229504478725e-91
cg08761264,UeqnB6,GCST90132223,Rheumatoid arthritis || Ishigaki et al. 2022 (European) || GCST90132223,Wald ratio,1,-0.137878793847567,0.0416450234478365,0.000930260792212153,SH2B1,0.871204280665499,0.802917716975768,0.945298481528955,0.00129686603052236,TRUE,rs34836,TRUE,2.59917154447607e-141
cg26981593,UKDr2s,GCST90132223,Rheumatoid arthritis || Ishigaki et al. 2022 (European) || GCST90132223,Wald ratio,1,0.398150307428916,0.122289022996024,0.00113067814090444,VPS52,1.48906783104454,1.17170953376886,1.89238283170707,0.0015685387935096,TRUE,rs28361091,TRUE,2.10416845084432e-17
cg12457901,eo71Xv,GCST90132223,Rheumatoid arthritis || Ishigaki et al. 2022 (European) || GCST90132223,Wald ratio,1,-0.108298927840614,0.0338196651853147,0.00136359931532196,VARS2,0.8973593106524,0.839805071675188,0.958857905928436,0.00188243222554202,TRUE,rs1059535,TRUE,8.4676190452528e-195
cg12168509,U2mawe,GCST90132223,Rheumatoid arthritis || Ishigaki et al. 2022 (European) || GCST90132223,Wald ratio,1,-0.742648935923322,0.232077792476038,0.0013742758758317,HLA-DPA1,0.475851743774775,0.301941675066976,0.749929210677083,0.00188796151873966,TRUE,rs9394150,TRUE,0.000132431368545167
cg13011452,WcTD8g,GCST90132223,Rheumatoid arthritis || Ishigaki et al. 2022 (European) || GCST90132223,Wald ratio,1,0.444850061771077,0.142275556895476,0.0017679256571857,C6orf136,1.56025623623663,1.18056126093661,2.06206963015537,0.00241701913518625,TRUE,rs60744323,TRUE,4.73004001786986e-11
cg07362537,KyE73z,GCST90132223,Rheumatoid arthritis || Ishigaki et al. 2022 (European) || GCST90132223,Wald ratio,1,-0.562507199173482,0.181613505260785,0.00195307764822741,VPS52,0.569778722780286,0.399129373820339,0.813389878639373,0.00265731237715557,TRUE,rs62407927,TRUE,4.98736738580435e-09
cg07884168,InIuey,GCST90132223,Rheumatoid arthritis || Ishigaki et al. 2022 (European) || GCST90132223,Wald ratio,1,-0.486009099998609,0.163990800613027,0.00304027323385246,SH2B1,0.615076210095405,0.446002344967986,0.84824384556203,0.00411673361330261,TRUE,rs11648192,TRUE,1.42429794169895e-08
cg23817343,3SG0Nw,GCST90132223,Rheumatoid arthritis || Ishigaki et al. 2022 (European) || GCST90132223,Wald ratio,1,0.454474601044178,0.153853317057272,0.00313737507457257,CSNK2B,1.57534548069291,1.16523420321042,2.12979792105486,0.00422798641001922,TRUE,rs3132465,TRUE,3.54939656219189e-12
cg07627639,cToO3o,GCST90132223,Rheumatoid arthritis || Ishigaki et al. 2022 (European) || GCST90132223,Wald ratio,1,-0.616814216943956,0.213459302043526,0.00385719553268953,LPCAT2,0.5396609446268,0.355157314243618,0.820013902221706,0.00517339495616653,TRUE,rs3785162,TRUE,1.35423324430922e-09
cg05906166,Eyqbti,GCST90132223,Rheumatoid arthritis || Ishigaki et al. 2022 (European) || GCST90132223,Wald ratio,1,0.0846753799087496,0.0296800300711081,0.00433166389699145,KLF2,1.08836370462218,1.02685683593306,1.15355472358771,0.00578236265494613,TRUE,rs10424657,TRUE,0
cg04273431,oYU6m1,GCST90132223,Rheumatoid arthritis || Ishigaki et al. 2022 (European) || GCST90132223,Wald ratio,1,-0.281134489348084,0.100900323574244,0.0053320160875177,GNL1,0.754926799039522,0.619464970965989,0.920010813556316,0.00708432184397892,TRUE,rs1468079,TRUE,4.23650710344916e-21
cg17079757,yr2zQI,GCST90132223,Rheumatoid arthritis || Ishigaki et al. 2022 (European) || GCST90132223,Wald ratio,1,-0.465282567244107,0.169885188040083,0.006166275314328,DAXX,0.627957639858166,0.450112586268523,0.876071475195304,0.00815446688763936,TRUE,rs139286294,TRUE,1.34279187577742e-07
cg20672549,9tjD8l,GCST90132223,Rheumatoid arthritis || Ishigaki et al. 2022 (European) || GCST90132223,Wald ratio,1,-0.243993955511085,0.0908997089158945,0.00727013103932989,IKZF4,0.783492370059495,0.655630844821527,0.936289527544342,0.00956952132153656,TRUE,rs1701704,TRUE,1.03629734322074e-35
cg12658694,apQNjS,GCST90132223,Rheumatoid arthritis || Ishigaki et al. 2022 (European) || GCST90132223,Wald ratio,1,-0.0997652554345997,0.0391003970230617,0.0107255660465857,INPP5B,0.905049848634903,0.838280898494632,0.977136935823077,0.0140524777369618,TRUE,rs28570969,TRUE,5.99921623414714e-274
cg01674119,ZLP1AE,GCST90132223,Rheumatoid arthritis || Ishigaki et al. 2022 (European) || GCST90132223,Wald ratio,1,0.35606510679986,0.146229316420569,0.014892712489759,AIF1,1.42770049824857,1.0719245166702,1.9015599335586,0.0194222932470129,TRUE,rs45593732,TRUE,6.55659398668567e-13
cg05853013,MdpCze,GCST90132223,Rheumatoid arthritis || Ishigaki et al. 2022 (European) || GCST90132223,Wald ratio,1,-0.332283373776867,0.137315842160156,0.0155270245538197,VARS2,0.717284034566557,0.548031547965657,0.938807972194184,0.0201566419666558,TRUE,rs2516661,TRUE,3.96425710503802e-11
cg19912427,BswILr,GCST90132223,Rheumatoid arthritis || Ishigaki et al. 2022 (European) || GCST90132223,Wald ratio,1,0.451469228465135,0.189559195285041,0.017233894540194,GNL1,1.57061808792926,1.08321471269704,2.27733352327582,0.0222702838122142,TRUE,rs9262070,TRUE,2.81926344604612e-06
cg25164051,eemOXg,GCST90132223,Rheumatoid arthritis || Ishigaki et al. 2022 (European) || GCST90132223,Wald ratio,1,0.249563420382389,0.117797270272389,0.0341256330975664,ZBTB9,1.28346495971327,1.01885634784621,1.61679544549536,0.0438979734845968,TRUE,rs151266730,TRUE,2.27454105922698e-20
cg14534142,XJntWR,GCST90132223,Rheumatoid arthritis || Ishigaki et al. 2022 (European) || GCST90132223,Wald ratio,1,-0.301226375894199,0.144471160779044,0.037066783820993,C6orf136,0.739910255940724,0.557445883106158,0.982099255618703,0.0474656100513168,TRUE,rs9262196,TRUE,5.51586559921545e-10
cg04111611,7wioyd,GCST90132223,Rheumatoid arthritis || Ishigaki et al. 2022 (European) || GCST90132223,Wald ratio,1,-0.161297879189287,0.0815812972778186,0.0480254845874029,HLA-DMA,0.851038526679842,0.725280195779054,0.998602440971702,0.0612216762983559,FALSE,rs116762033,TRUE,1.32478893960127e-39
cg12177539,ONiwqY,GCST90132223,Rheumatoid arthritis || Ishigaki et al. 2022 (European) || GCST90132223,Wald ratio,1,0.176922201113103,0.0915307286515738,0.0532452122649396,NCOA5,1.19353823356896,0.997525040730501,1.42806792493922,0.0667024387909065,FALSE,rs17463884,TRUE,9.8595504809307e-41
cg02387583,SmvMY5,GCST90132223,Rheumatoid arthritis || Ishigaki et al. 2022 (European) || GCST90132223,Wald ratio,1,0.279528073171271,0.144770509537957,0.0535033696308685,BRD2,1.32250553919831,0.995786775117895,1.75642109828497,0.0667024387909065,FALSE,rs116471760,TRUE,1.23192035092504e-12
cg23205529,3MRufZ,GCST90132223,Rheumatoid arthritis || Ishigaki et al. 2022 (European) || GCST90132223,Wald ratio,1,0.0684303866868376,0.0354408122094517,0.0535033696308685,BRD2,1.07082607860515,0.998966928742219,1.14785430591244,0.0667024387909065,FALSE,rs115634162,TRUE,3.82894657397534e-228
cg16862821,dUwsRK,GCST90132223,Rheumatoid arthritis || Ishigaki et al. 2022 (European) || GCST90132223,Wald ratio,1,0.0974536098998904,0.050472242739197,0.0535033696308685,BRD2,1.10236030177239,0.99852909697089,1.21698830671044,0.0667024387909065,FALSE,rs116656352,TRUE,2.36466043109102e-107
cg18472945,2zV0E6,GCST90132223,Rheumatoid arthritis || Ishigaki et al. 2022 (European) || GCST90132223,Wald ratio,1,0.413948456620982,0.214388230518628,0.0535033696308685,BRD2,1.51277915112569,0.993767030852639,2.30285438038436,0.0667024387909065,FALSE,rs116656352,TRUE,6.90052975026881e-06
cg26467571,qxmOqc,GCST90132223,Rheumatoid arthritis || Ishigaki et al. 2022 (European) || GCST90132223,Wald ratio,1,-0.306526881393255,0.161152000144248,0.0571583566910649,VARS2,0.735998733242055,0.536663075303073,1.00937470875557,0.0709465567700498,FALSE,rs28367833,TRUE,1.3946299784038e-09
cg08416650,fvpp21,GCST90132223,Rheumatoid arthritis || Ishigaki et al. 2022 (European) || GCST90132223,Wald ratio,1,0.535836893694443,0.285236369267004,0.0603030354421892,LPCAT2,1.70887779302932,0.977041266293922,2.98888431047114,0.0745229651971159,FALSE,rs2192855,TRUE,3.03143621025308e-05
cg03815147,9FMJyd,GCST90132223,Rheumatoid arthritis || Ishigaki et al. 2022 (European) || GCST90132223,Wald ratio,1,-0.0765585404879841,0.0453307147626222,0.0912407249626505,PGAP3,0.926298686724444,0.847548900724056,1.01236548863956,0.112265761584479,FALSE,rs12952815,TRUE,8.89366395594207e-165
cg17480035,Jam4Vx,GCST90132223,Rheumatoid arthritis || Ishigaki et al. 2022 (European) || GCST90132223,Wald ratio,1,-0.197244679676988,0.117407547426779,0.0929573157274401,HLA-DRB1,0.820989729233328,0.652226442676353,1.03342043714268,0.113882772081669,FALSE,rs2071481,TRUE,8.82060573081467e-09
cg26500914,ONAhmq,GCST90132223,Rheumatoid arthritis || Ishigaki et al. 2022 (European) || GCST90132223,Wald ratio,1,-0.199289473875789,0.119209685286431,0.0945725006624195,DAXX,0.81931268938273,0.648599110167932,1.03495868628275,0.115362145204589,FALSE,rs35881303,TRUE,1.29544905436156e-21
cg02309273,DI9kYm,GCST90132223,Rheumatoid arthritis || Ishigaki et al. 2022 (European) || GCST90132223,Wald ratio,1,-0.0749168679990508,0.0466220852354608,0.108077062979967,INPP5B,0.927820614706813,0.846795414303244,1.01659867133698,0.130708584715088,FALSE,rs7686,TRUE,1.09120362835185e-205
cg10784030,bxesv5,GCST90132223,Rheumatoid arthritis || Ishigaki et al. 2022 (European) || GCST90132223,Wald ratio,1,-0.0764435193940161,0.0475721472623706,0.108077062979967,INPP5B,0.926405236740364,0.843930673613482,1.01693976708451,0.130708584715088,FALSE,rs7686,TRUE,1.07586675793526e-197
cg23262274,jgoRgf,GCST90132223,Rheumatoid arthritis || Ishigaki et al. 2022 (European) || GCST90132223,Wald ratio,1,-0.0686195275926745,0.0434003849731445,0.113859499901776,INPP5B,0.933681852689397,0.857542719829314,1.01658119401331,0.137115908392351,FALSE,rs4308943,TRUE,3.76254401476481e-254
cg08468741,k1J3LB,GCST90132223,Rheumatoid arthritis || Ishigaki et al. 2022 (European) || GCST90132223,Wald ratio,1,-0.0835848326466136,0.0592541981930449,0.158358306364507,HLA-DMA,0.919813053185698,0.818957522867295,1.03308905429994,0.189895765682862,FALSE,rs6941206,TRUE,2.34564512468586e-79
cg17949727,RQPHSm,GCST90132223,Rheumatoid arthritis || Ishigaki et al. 2022 (European) || GCST90132223,Wald ratio,1,-0.0668613991714257,0.0481655576969512,0.165088970432467,INPP5B,0.935324829149614,0.851065749226567,1.02792591150424,0.19713155541092,FALSE,rs766588,TRUE,5.91899074815365e-213
cg18918417,uZAORK,GCST90132223,Rheumatoid arthritis || Ishigaki et al. 2022 (European) || GCST90132223,Wald ratio,1,-0.102195672997892,0.0742110566597272,0.168482887006823,BRD2,0.902852870455751,0.780633629116518,1.04420726354401,0.199652006945158,FALSE,rs56312646,TRUE,1.020520501009e-49
cg03013999,j0Ec3d,GCST90132223,Rheumatoid arthritis || Ishigaki et al. 2022 (European) || GCST90132223,Wald ratio,1,0.0620286354084101,0.0450566309318419,0.168610705511989,MED1,1.06399281216053,0.974060014003276,1.16222890587259,0.199652006945158,FALSE,rs67466585,TRUE,1.26007369953994e-195
cg02653117,kiEXTH,GCST90132223,Rheumatoid arthritis || Ishigaki et al. 2022 (European) || GCST90132223,Wald ratio,1,-0.0313586439617153,0.023147205233596,0.175497666847569,BRD2,0.969127938857895,0.926142502099477,1.01410847655286,0.206940998824425,FALSE,rs28365995,TRUE,0
cg14361162,PzG6mA,GCST90132223,Rheumatoid arthritis || Ishigaki et al. 2022 (European) || GCST90132223,Wald ratio,1,0.0652994170328063,0.0528895730718205,0.216965680068719,BRD2,1.06747859781328,0.962362436464971,1.18407630390807,0.254777126387749,FALSE,rs41555121,TRUE,6.06566169479753e-102
cg13253439,ucdGGh,GCST90132223,Rheumatoid arthritis || Ishigaki et al. 2022 (European) || GCST90132223,Wald ratio,1,0.0928145246085723,0.0771551320559836,0.228991865367044,C6orf136,1.09725820199895,0.943263569613402,1.27639357719223,0.267788007846585,FALSE,rs3132607,TRUE,2.03865264992109e-43
cg06958535,diilPO,GCST90132223,Rheumatoid arthritis || Ishigaki et al. 2022 (European) || GCST90132223,Wald ratio,1,-0.0547948499314718,0.0460091777905607,0.233671339932878,LAX1,0.946679339364957,0.865045788818507,1.03601657064248,0.272135758028825,FALSE,rs7540760,TRUE,7.97692501789805e-245
cg15402992,GPKk2x,GCST90132223,Rheumatoid arthritis || Ishigaki et al. 2022 (European) || GCST90132223,Wald ratio,1,0.0372736733678421,0.0317516476837173,0.240429857397095,NCOA5,1.03797704864561,0.975349358170121,1.1046260957575,0.278859219849909,FALSE,rs11569309,TRUE,0
cg00942920,tOHXLQ,GCST90132223,Rheumatoid arthritis || Ishigaki et al. 2022 (European) || GCST90132223,Wald ratio,1,-0.0498095446107285,0.0456220165239858,0.274926541114272,LAX1,0.951410608524233,0.87002903267653,1.04040452906241,0.317568208715669,FALSE,rs11579602,TRUE,1.08050729619569e-260
cg02471378,RpekhX,GCST90132223,Rheumatoid arthritis || Ishigaki et al. 2022 (European) || GCST90132223,Wald ratio,1,0.0354801508686472,0.0329638281120056,0.281777068449233,BRD2,1.0361170818999,0.971291206222733,1.10526956336778,0.324158172240378,FALSE,rs496160,TRUE,1.4749609068923e-267
cg19054685,YBl09n,GCST90132223,Rheumatoid arthritis || Ishigaki et al. 2022 (European) || GCST90132223,Wald ratio,1,-0.236968840420322,0.222386142548302,0.286616361405448,VARS2,0.789015873037541,0.510254488932481,1.2200697130713,0.32839040598276,FALSE,rs10947131,TRUE,1.65123499666217e-06
cg01716683,5EZqyS,GCST90132223,Rheumatoid arthritis || Ishigaki et al. 2022 (European) || GCST90132223,Wald ratio,1,-0.128933167445599,0.123286459382288,0.295652676154803,BRD2,0.879032711584005,0.690337529481874,1.11930537604506,0.337377852225038,FALSE,rs188244,TRUE,1.35055244775307e-20
cg27458265,MFq0WX,GCST90132223,Rheumatoid arthritis || Ishigaki et al. 2022 (European) || GCST90132223,Wald ratio,1,0.113896862141448,0.114746838724593,0.320908536072989,LPCAT2,1.12063653887077,0.894932536501699,1.40326359924437,0.364727372323919,FALSE,rs2397721,TRUE,9.88437342939363e-30
cg00249264,7oC7lR,GCST90132223,Rheumatoid arthritis || Ishigaki et al. 2022 (European) || GCST90132223,Wald ratio,1,0.0781620644964273,0.0817975093567262,0.339296824849853,LPCAT2,1.08129788446789,0.921123596254669,1.26932489810139,0.384084005730033,FALSE,rs2192853,TRUE,6.94453644631584e-60
cg03736685,Hr8Dah,GCST90132223,Rheumatoid arthritis || Ishigaki et al. 2022 (European) || GCST90132223,Wald ratio,1,-0.102345969316179,0.112330941932392,0.362236832619456,LPCAT2,0.902717185190121,0.724325345349812,1.12504459725073,0.408418420841857,FALSE,rs35882847,TRUE,1.63858970761677e-29
cg01917259,VZPVZQ,GCST90132223,Rheumatoid arthritis || Ishigaki et al. 2022 (European) || GCST90132223,Wald ratio,1,0.091376144278534,0.10750134621004,0.395325086245385,INPP5B,1.09568106191977,0.887517983895943,1.35266778953562,0.443956346854936,FALSE,rs1136994,TRUE,2.28224505660259e-43
cg13501527,eT3PGx,GCST90132223,Rheumatoid arthritis || Ishigaki et al. 2022 (European) || GCST90132223,Wald ratio,1,-0.109741764647576,0.130982106192268,0.402121784699465,PHF19,0.896065501212314,0.693179223967911,1.1583344605551,0.449804209762643,FALSE,rs10818492,TRUE,4.46566291208881e-20
cg26784891,LnUZ5t,GCST90132223,Rheumatoid arthritis || Ishigaki et al. 2022 (European) || GCST90132223,Wald ratio,1,-0.107558273536055,0.129069928243266,0.404656761927286,VARS2,0.898024189881008,0.697302936937778,1.15652380463644,0.450857730808748,FALSE,rs2517440,TRUE,1.26590932760647e-18
cg00427604,8xsIw7,GCST90132223,Rheumatoid arthritis || Ishigaki et al. 2022 (European) || GCST90132223,Wald ratio,1,0.0525458462508539,0.0655571986558272,0.422826783116544,LPCAT2,1.05395088066738,0.926866012113877,1.19846066674313,0.467421795398367,FALSE,rs9922534,TRUE,1.23794624180101e-84
cg01998785,KaP3wP,GCST90132223,Rheumatoid arthritis || Ishigaki et al. 2022 (European) || GCST90132223,Wald ratio,1,0.0451390023334715,0.0563162791017597,0.422826783116544,LPCAT2,1.04617327032808,0.936841746604865,1.16826402699854,0.467421795398367,FALSE,rs9922534,TRUE,4.25388081452275e-115
cg17931024,bZSGPZ,GCST90132223,Rheumatoid arthritis || Ishigaki et al. 2022 (European) || GCST90132223,Wald ratio,1,-0.114257994551698,0.146330414074981,0.434907241180312,ZBTB9,0.892027787883403,0.669606129324287,1.18833078060251,0.478905639120733,FALSE,rs56717418,TRUE,1.01234883830449e-15
cg20618109,brnEjb,GCST90132223,Rheumatoid arthritis || Ishigaki et al. 2022 (European) || GCST90132223,Wald ratio,1,-0.0425164675946553,0.0583172086078279,0.465967861509432,DAXX,0.958374683265187,0.854859461162024,1.07442459872309,0.5111197860743,FALSE,rs2051625,TRUE,5.96705594406165e-66
cg25625457,uukChp,GCST90132223,Rheumatoid arthritis || Ishigaki et al. 2022 (European) || GCST90132223,Wald ratio,1,-0.0788395278540623,0.110261078810392,0.474593035259031,LAX1,0.92418821901295,0.744567889981998,1.14714034227689,0.518570768256007,FALSE,rs6678112,TRUE,1.78938181356509e-41
cg22961241,8pYwkG,GCST90132223,Rheumatoid arthritis || Ishigaki et al. 2022 (European) || GCST90132223,Wald ratio,1,-0.081956494914093,0.118790874650764,0.490242937746461,HLA-DMA,0.92131203958391,0.72994462109605,1.16284968715534,0.533610582239417,FALSE,rs1351383,TRUE,3.78526942987271e-25
cg11682350,l6ZbLc,GCST90132223,Rheumatoid arthritis || Ishigaki et al. 2022 (European) || GCST90132223,Wald ratio,1,-0.11046282593188,0.16769055502912,0.51006906289764,VPS52,0.895419615960598,0.644592906739343,1.24384907166104,0.553063390038437,FALSE,rs3762013,TRUE,1.39732449178817e-12
cg15203429,XVA4Ih,GCST90132223,Rheumatoid arthritis || Ishigaki et al. 2022 (European) || GCST90132223,Wald ratio,1,0.0719471492844545,0.112071521000785,0.52088921501833,CDC37,1.07459854926075,0.862678640694547,1.33857729587881,0.562639877290791,FALSE,rs11548939,TRUE,8.39629427830072e-31
cg26987613,FHS1OS,GCST90132223,Rheumatoid arthritis || Ishigaki et al. 2022 (European) || GCST90132223,Wald ratio,1,0.1068952946884,0.172677014496647,0.535884989067038,VPS52,1.11281773045187,0.793301717456022,1.56102435423846,0.57663669926225,FALSE,rs970901,TRUE,5.6844803780879e-12
cg10158679,HoKCiY,GCST90132223,Rheumatoid arthritis || Ishigaki et al. 2022 (European) || GCST90132223,Wald ratio,1,-0.017327290681365,0.0299617734698604,0.563052648351323,VARS2,0.982821963519519,0.926767673540319,1.04226662145693,0.603575376831153,FALSE,rs3095089,TRUE,1.63983109506096e-291
cg22904406,7qtjQz,GCST90132223,Rheumatoid arthritis || Ishigaki et al. 2022 (European) || GCST90132223,Wald ratio,1,-0.0685367567580958,0.121384376426989,0.572328278652412,DAXX,0.933759137513996,0.736055220985395,1.18456618747112,0.611203407013708,FALSE,rs7745060,TRUE,1.13870506969123e-24
cg00578240,Nn8Jws,GCST90132223,Rheumatoid arthritis || Ishigaki et al. 2022 (European) || GCST90132223,Wald ratio,1,0.0966738165010121,0.17781076963579,0.586655282753791,WDR46,1.10150102355916,0.777372767050227,1.56077567459151,0.624148289546326,FALSE,rs211469,TRUE,2.31870873727009e-11
cg03426762,Dw0jOm,GCST90132223,Rheumatoid arthritis || Ishigaki et al. 2022 (European) || GCST90132223,Wald ratio,1,-0.0688590373380233,0.130768997513494,0.598492196054781,WDR46,0.933458253564776,0.722407227225469,1.2061677656448,0.634356896941959,FALSE,rs2941555,TRUE,1.55099321750445e-19
cg03293732,l47UwV,GCST90132223,Rheumatoid arthritis || Ishigaki et al. 2022 (European) || GCST90132223,Wald ratio,1,-0.0267062943052051,0.05356607306044,0.618084221676253,IKZF3,0.973647165250723,0.876607620749756,1.08142888558277,0.652678487814849,FALSE,rs35506518,TRUE,3.71789658746557e-120
cg09566131,NxFazD,GCST90132223,Rheumatoid arthritis || Ishigaki et al. 2022 (European) || GCST90132223,Wald ratio,1,-0.0643946595362358,0.133900006337252,0.630576178997553,BRD2,0.937634879953042,0.721200083439762,1.21902255461676,0.663394270097797,FALSE,rs635688,TRUE,8.7404148810599e-20
cg07275218,nmq1OS,GCST90132223,Rheumatoid arthritis || Ishigaki et al. 2022 (European) || GCST90132223,Wald ratio,1,0.0422847929327554,0.0908083258064091,0.641466866994598,BRD2,1.04319153002497,0.873104938719457,1.24641210930717,0.667408541762761,FALSE,rs516535,TRUE,1.17676338393318e-43
cg25158622,beIx8u,GCST90132223,Rheumatoid arthritis || Ishigaki et al. 2022 (European) || GCST90132223,Wald ratio,1,0.0287221154167603,0.0616819199933704,0.641466866994598,BRD2,1.02913857299304,0.911946048713319,1.16139129493076,0.667408541762761,FALSE,rs516535,TRUE,3.28538768686498e-94
cg27395200,5Xb0Sj,GCST90132223,Rheumatoid arthritis || Ishigaki et al. 2022 (European) || GCST90132223,Wald ratio,1,0.0358872927214687,0.0770694319100394,0.641466866994598,BRD2,1.03653901441573,0.891215699505814,1.20555902347961,0.667408541762761,FALSE,rs516535,TRUE,2.29772487903685e-60
cg23025416,tS3SZr,GCST90132223,Rheumatoid arthritis || Ishigaki et al. 2022 (European) || GCST90132223,Wald ratio,1,-0.0342501858340161,0.0856254645850403,0.689156516779352,INPP5B,0.966329712387242,0.817032752308554,1.14290780926951,0.714400345232808,FALSE,rs11210870,TRUE,1.63249417196276e-54
cg18473733,X1TrDV,GCST90132223,Rheumatoid arthritis || Ishigaki et al. 2022 (European) || GCST90132223,Wald ratio,1,-0.0493402352456607,0.124959508828684,0.692953750472952,KLF2,0.951857219223933,0.745082094622098,1.2160165602265,0.715715005050531,FALSE,rs4808046,TRUE,9.95494901331754e-53
cg04324758,E3vmEN,GCST90132223,Rheumatoid arthritis || Ishigaki et al. 2022 (European) || GCST90132223,Wald ratio,1,-0.074826463509918,0.202727511602452,0.712054148619559,KLF2,0.927904497647132,0.623645995655799,1.38060175604652,0.732768451124855,FALSE,rs4808485,TRUE,1.943322389981e-20
cg09122414,CveEl4,GCST90132223,Rheumatoid arthritis || Ishigaki et al. 2022 (European) || GCST90132223,Wald ratio,1,0.0401835913369626,0.127361552203593,0.752375961663659,INPP5B,1.04100187557569,0.811034203741694,1.33617657547923,0.77145796069136,FALSE,rs12723117,TRUE,4.08711057347159e-25
cg05749969,BUT2i0,GCST90132223,Rheumatoid arthritis || Ishigaki et al. 2022 (European) || GCST90132223,Wald ratio,1,0.014822262154728,0.0523509684613798,0.777075245963696,INPP5B,1.01493265664004,0.915957203902804,1.1246030853028,0.793907200749913,FALSE,rs7527103,TRUE,1.14431936048798e-179
cg12783348,OmcgLu,GCST90132223,Rheumatoid arthritis || Ishigaki et al. 2022 (European) || GCST90132223,Wald ratio,1,0.0173895646276582,0.0729834757857778,0.811673899755143,ZBTB9,1.01754164335532,0.881916368370704,1.17402401531007,0.826272351189589,FALSE,rs116078841,TRUE,4.37763860435305e-44
cg01982788,6ABghY,GCST90132223,Rheumatoid arthritis || Ishigaki et al. 2022 (European) || GCST90132223,Wald ratio,1,-0.0481972349327097,0.239909141480694,0.840778435158897,SMARCC2,0.952945814337152,0.595461137718493,1.52504616597164,0.852832606272287,FALSE,rs144714287,TRUE,5.81413526246046e-13
cg21302812,Igs8dz,GCST90132223,Rheumatoid arthritis || Ishigaki et al. 2022 (European) || GCST90132223,Wald ratio,1,-0.0306240257731801,0.162307336597854,0.850344219267564,CDC37,0.969840139434517,0.705572036768512,1.33308839784272,0.859455050188288,FALSE,rs79982275,TRUE,1.00279621615527e-14
cg18876826,zWEM50,GCST90132223,Rheumatoid arthritis || Ishigaki et al. 2022 (European) || GCST90132223,Wald ratio,1,-0.00988388143432161,0.0555542301308421,0.858790429120605,INPP5B,0.990164803590751,0.888011866866576,1.10406895994467,0.864902816516481,FALSE,rs7519947,TRUE,1.67677850330444e-160
cg02703032,LMsODn,GCST90132223,Rheumatoid arthritis || Ishigaki et al. 2022 (European) || GCST90132223,Wald ratio,1,-0.00425299439803311,0.027515584969093,0.877162888722454,BRD2,0.995756036774929,0.943476764934342,1.05093217090801,0.880273395420051,FALSE,rs56350901,TRUE,0
cg12022621,c4zjeF,GCST90132223,Rheumatoid arthritis || Ishigaki et al. 2022 (European) || GCST90132223,Wald ratio,1,-0.00788184546160186,0.0580103825973897,0.891924395757993,LAX1,0.992149134834935,0.885518264871558,1.11162010407147,0.891924395757993,FALSE,rs12406168,TRUE,2.82750268834529e-158
