seqnames,start,end,width,strand,no.cpgs,min_smoothed_fdr,Stouffer,HMFDR,Fisher,maxdiff,meandiff,overlapping.genes,dmr_fdr
chr6,32551749,32552453,705,*,9,9.95837822781678e-16,3.77389148125924e-10,0.00689268899370422,6.28886468052687e-10,0.130075453647783,0.0578094952245448,HLA-DRB1,1.75750126282243e-06
chr17,80393124,80394416,1293,*,6,6.72678297032159e-15,9.24579415563185e-08,0.00518642384558885,1.8529763883017e-08,0.0396734792597124,0.0148753024016897,HEXDC,7.17627723046292e-05
chr20,57425979,57427830,1852,*,60,2.89118578110429e-16,8.76560641363627e-07,0.0385224523350199,1.45554225235142e-06,0.0362091697889658,0.00839418378654781,GNAS,0.000340178575569201
chr3,122281881,122281975,95,*,3,5.0519735076901e-10,2.27732967907952e-06,0.00702158268925885,6.77304076930161e-06,-0.039734179194151,-0.027804642665525,PARP9,0.000591780479908211
chr10,102295134,102296115,982,*,11,2.7747643272516e-08,3.44177625913228e-06,0.0162485825973341,3.72327404008726e-05,-0.0220716495402371,0.00384629748123737,HIF1AN,0.000728561456308138
chr14,106320202,106322429,2228,*,13,3.70209779595285e-08,4.54106317636601e-06,0.00689268899370422,6.77304076930161e-06,0.0256873994438043,0.00974040484610327,IGHM,0.000852066158514017
chr10,73848153,73849626,1474,*,14,8.96985594618965e-14,1.25585714213581e-05,0.0115405716428096,8.35211858955355e-07,0.0435178894967635,0.000721002621989416,SPOCK2,0.00182766459716452
chr4,40631571,40633269,1699,*,13,6.50920612121058e-09,1.25585714213581e-05,0.0161752269581799,2.56205497631747e-05,-0.0582090817994795,-0.0149956889916906,RBM47,0.00182766459716452
chr6,155537595,155538155,561,*,8,7.84954593361167e-08,4.38094018530665e-05,0.00996714305942744,4.50662353736883e-05,-0.0193209931565304,-0.00823749447543017,TIAM2,0.00453378632066068
chr17,47296970,47297928,959,*,5,9.55871747052122e-07,8.31173123565883e-05,0.0134889546471426,0.000166730747322971,0.0430275775718318,0.02706529836952,ABI3,0.00645128872741053
chr19,11074303,11074428,126,*,2,2.85465539769664e-06,7.34943012598157e-05,0.00689268899370422,0.000124899784856844,0.0730477547899077,0.0709063016571709,SMARCA4,0.00645128872741053
chr3,49394622,49396232,1611,*,11,1.06549394803492e-05,7.24016044732594e-05,0.0170519926846794,0.000134499371033283,-0.0309587259221769,-0.00614350462052402,GPX1,0.00645128872741053
chr15,75743753,75748421,4669,*,32,3.46264668880386e-05,7.24016044732594e-05,0.0375431115695562,0.000206059960062687,0.0157495552014465,0.00649457023934021,SIN3A,0.00645128872741053
chr21,45559077,45561490,2414,*,7,0.000666386665797437,8.59049839926838e-05,0.020709936560976,0.000535596716851526,0.0328953343625034,0.0187735862668645,C21orf33,0.00646267887104275
chr16,89034292,89035532,1241,*,6,2.74391511684999e-06,0.000129599291805226,0.0141371187403079,0.000351539280047053,0.0199891227948538,0.011496767173903,CBFA2T3,0.00900811793935725
chr12,69863677,69864653,977,*,10,2.04136647494308e-06,0.00018540389124311,0.0212955225216233,0.000513697884464039,-0.021750601705862,0.00635172167857961,FRS2,0.0107928240189895
chr11,67349590,67351786,2197,*,12,4.78288654280446e-05,0.000206057544245364,0.0503994859983955,0.00100598218261946,-0.0390963827478924,-0.00749583836588755,GSTP1,0.0114931214822248
chr12,62584454,62586892,2439,*,16,3.5511019195474e-05,0.000230441171009351,0.0347650754776464,0.000935169619947818,0.0152169677324494,0.00168824825983656,FAM19A2,0.0121950515158017
chr16,78601767,78601961,195,*,4,3.53217013491557e-07,0.000253832210038518,0.00333513406649978,0.000108808474897213,-0.0150283615421499,-0.0114741438845181,WWOX,0.0128488761103193
chr16,936480,937477,998,*,3,5.70156381472499e-06,0.000262373944054774,0.010286402887336,0.000388099572931914,0.0117505009234061,0.00558713215601077,LMF1,0.0131384457791729
chr12,69633854,69634561,708,*,5,7.33105630748408e-07,0.000291186404199903,0.00934337517034838,0.000410724346532896,0.0199498301498738,0.00888233899591707,CPSF6,0.0141255737954057
chr4,83955429,83956251,823,*,10,2.46724684606266e-05,0.000296920318088589,0.0368152743308677,0.00120486664860286,0.0185003062657892,0.00782949641794015,COPS4,0.0142552363024594
chr20,57430663,57431303,641,*,3,3.42436384115611e-09,0.000320575704899017,0.00323287475161154,3.10674857283816e-05,0.0330030110491252,0.0184382567862587,GNAS,0.0152338883440278
chr17,62007912,62009835,1924,*,7,0.000467032973947397,0.000357878868411242,0.0188537937535769,0.00100598218261946,-0.0276087065301178,-0.00339106499406046,CD79B,0.0165014048533778
chr17,37028105,37028977,873,*,4,1.44499028131218e-05,0.00039595999526415,0.00928924739848483,0.000406700033117533,0.0303210820705084,0.0163633134295236,LASP1,0.0172120649762795
chr12,125282342,125282561,220,*,3,6.60970730397744e-05,0.000399163198934548,0.0132697697726765,0.000948309384802739,0.00647697225387123,0.00126008063695426,SCARB1,0.0172120649762795
chr12,133120548,133121162,615,*,4,9.63966925172118e-06,0.000596408565406431,0.0136441385691954,0.000738280253327069,0.0347802816646726,0.0195722319921559,FBRSL1,0.0205389222892432
chr6,32974897,32978775,3879,*,55,1.27121252215979e-05,0.000596408565406431,0.0384410860343522,0.000117747699831293,0.0387238186249531,0.000366251204269012,HLA-DOA,0.0205389222892432
chr7,73819814,73820652,839,*,4,5.2377645631136e-05,0.000537815937450097,0.012288931516823,0.00100598218261946,-0.0176527445575116,-0.00894640880000655,CLIP2,0.0205389222892432
chr14,69442697,69443683,987,*,3,7.11711294141831e-05,0.000560035517117996,0.0128597667955898,0.00113883288517339,-0.0236554227436387,-0.012452055225164,ACTN1,0.0205389222892432
chr16,57022486,57023835,1350,*,13,2.28806794259414e-20,0.000674539297110373,6.29455881944018e-05,5.79577943337373e-09,0.0337992963196251,0.00496574689966472,NLRC5,0.0212167694722527
chr1,226925702,226927988,2287,*,13,1.3595062911814e-05,0.000674539297110373,0.0138794694307532,0.00034813219789959,0.0538012568710835,0.0131992493732173,ITPKB,0.0212167694722527
chr3,98452218,98453086,869,*,5,6.26625434897717e-05,0.00068676206804591,0.0119930221243463,0.0010159239411616,0.0168881012258415,0.00739422795827057,ST3GAL6,0.0212167694722527
chr3,71111923,71114335,2413,*,11,0.00111727634805256,0.000687939057399647,0.0344899863433003,0.00151613249197583,0.0313408151440265,0.00976062708305523,FOXP1,0.0212167694722527
chr19,44716462,44716952,491,*,8,0.000202264559377176,0.000749154379829793,0.0294590910682675,0.00255054419070542,0.0314017436944287,0.0186940127456941,ZNF227,0.0222217321456519
chr6,42951711,42952586,876,*,13,1.47103714413357e-09,0.00138346144157354,0.00702158268925885,0.00011587724147943,-0.0168708798381451,0.00174832934235519,PPP2R5D,0.0222873627237108
chr6,29576329,29577348,1020,*,8,6.22163661386364e-07,0.00182424867771496,0.0125048336720324,0.000921687233202585,0.0229538918862764,0.00682794310147357,GABBR1,0.0222873627237108
chr12,100593747,100594894,1148,*,10,3.8254371852468e-06,0.00785794754914209,0.00833207855104537,0.00278875344067916,0.0268923840774707,0.0103995659865653,ACTR6,0.0222873627237108
chr10,31609531,31610754,1224,*,11,6.77328384499281e-06,0.00782337571618311,0.00944701868847725,0.00365827418121478,-0.0155984000222335,0.00485334990949236,ZEB1,0.0222873627237108
chr9,139886506,139887217,712,*,4,1.00813173079915e-05,0.00750659418133859,0.0100856198457307,0.00278949721116743,-0.0156318235595628,0.000173352141702107,C9orf142,0.0222873627237108
chr16,1013990,1015103,1114,*,6,1.08349526087066e-05,0.000916014455491046,0.0165997715934471,0.00109526906786542,0.0472437473705462,0.0195288688513367,LMF1,0.0222873627237108
chr1,65431702,65433360,1659,*,11,1.87417085343245e-05,0.00661266722401319,0.0120032555420654,0.00278949721116743,0.0157647211168647,0.00393374048999268,JAK1,0.0222873627237108
chr12,120966704,120967582,879,*,15,2.26130502485511e-05,0.00677455229154163,0.0240290062180211,0.00262583533438787,0.0173173374893659,0.0068423299304836,COQ5,0.0222873627237108
chr9,35072637,35072977,341,*,4,2.8371065791685e-05,0.00691277535911175,0.00689268899370422,0.00200562138861943,0.0229920684914511,0.0154335784046755,VCP,0.0222873627237108
chr1,25558918,25559743,826,*,11,3.32790239484816e-05,0.00633769815637118,0.0162640357078866,0.00403038230142816,0.0200930883820952,0.0100243533321969,SYF2,0.0222873627237108
chr5,132361924,132362578,655,*,7,3.38503759619158e-05,0.00278260191900751,0.0138440266687077,0.00182453606141666,0.0129590135486112,0.00545184925848404,ZCCHC10,0.0222873627237108
chr13,30424153,30424932,780,*,9,3.97777058578601e-05,0.0107576580619676,0.015801249196495,0.00531921945006965,0.0254508574393249,0.00588020277382193,UBL3,0.0222873627237108
chr4,40198129,40198776,648,*,5,4.72745382382796e-05,0.00843501506937555,0.00701917363471232,0.00308916953780523,0.0384281123080277,0.0165680929190142,RHOH,0.0222873627237108
chr19,7968560,7969347,788,*,8,4.82314056357565e-05,0.0055102758732537,0.0143005505336521,0.00531012457090699,-0.00929064548553586,0.00266191440463369,MAP2K7,0.0222873627237108
chr6,41528345,41529269,925,*,8,9.68890322939581e-05,0.00447089797587844,0.0141637970503263,0.00275227694039655,0.00951099731212301,0.0044864104741716,FOXP4,0.0222873627237108
chr6,134496341,134497755,1415,*,12,0.000104819621518768,0.00226164633579335,0.0138425532435755,0.00261406065275426,-0.0476967245232079,-0.0154645916356254,SGK1,0.0222873627237108
chr6,17600158,17601422,1265,*,9,0.000113124758727173,0.00464937450974429,0.0164581904466693,0.00445635319572078,0.0513250720647366,0.00562875336306612,FAM8A1,0.0222873627237108
chr4,10117799,10118984,1186,*,8,0.00012964476144102,0.00861265659710462,0.0118564782534789,0.00580453919850698,0.00503646604570677,0.0019082097748961,WDR1,0.0222873627237108
chr19,48948963,48949463,501,*,6,0.000156217078490614,0.00398435319640001,0.0153501819585996,0.00373459526718738,0.0149479236278415,0.00667024120292557,GRWD1,0.0222873627237108
chr1,67395547,67396577,1031,*,8,0.000188960498174381,0.0069857251287643,0.0109661448276533,0.0028108583893086,0.0187976727522583,0.00864819852458118,MIER1,0.0222873627237108
chr10,421981,422393,413,*,5,0.000191324549761396,0.00678617860801555,0.0120032555420654,0.0033286813481023,-0.0197923733496032,-0.0030101293148386,DIP2C,0.0222873627237108
chr16,56484117,56484937,821,*,3,0.000206806052513464,0.00688517985511152,0.0136441385691954,0.00694696534185092,0.0121164555298242,0.00637664199006133,NUDT21,0.0222873627237108
chr7,70252282,70252953,672,*,6,0.000225235492115139,0.00117504854234044,0.033850640068216,0.00278875344067916,0.0297300383059165,0.00355741533329984,AUTS2,0.0222873627237108
chr17,48227708,48228624,917,*,8,0.000254499770946852,0.00482047333307435,0.0164263937839211,0.00362968320521565,0.0300752183930304,0.0117054993596291,PPP1R9B,0.0222873627237108
chr12,133131658,133132798,1141,*,4,0.000295113389106972,0.00673036291695254,0.0116941661509395,0.00615402269094394,0.00617134055094926,7.86996232313153e-05,FBRSL1,0.0222873627237108
chr11,60738971,60739183,213,*,7,0.000340586791503774,0.0102281158352865,0.0158002144711986,0.00525830237452697,-0.0134524011192727,0.00429644398821572,CD6,0.0222873627237108
chr6,32553920,32554481,562,*,3,0.000384473189599543,0.00445134396292699,0.012904171888162,0.00428181833403651,0.0575027163036448,0.0123020454921171,HLA-DRB1,0.0222873627237108
chr4,40518663,40519094,432,*,3,0.000468234348119407,0.00464937450974429,0.0136441385691954,0.00545574201214922,0.0265607663012317,0.00984572861305037,RBM47,0.0222873627237108
chr5,56246561,56247035,475,*,3,0.000479172970285196,0.00204483592541477,0.0151745255114526,0.0031790645115096,0.0134328165089196,0.0107506327895715,MIER3,0.0222873627237108
chr21,45553170,45554033,864,*,7,0.000489298763708843,0.00548240995961454,0.0447646865614505,0.00735932588151314,-0.0352182339678722,-0.00218277615573454,C21orf33,0.0222873627237108
chr20,524243,525291,1049,*,11,0.000541950864070747,0.00954329195768493,0.0128970324381421,0.00768547456548836,-0.0308214166376894,0.00308469656449723,CSNK2A1,0.0222873627237108
chr16,88991518,88992178,661,*,3,0.000566209899866662,0.00301666862357799,0.0134798757438089,0.00394663915705956,0.0188066971457553,0.0163076632623904,CBFA2T3,0.0222873627237108
chr17,76136520,76137024,505,*,4,0.000578510543175889,0.0089728500450655,0.00951109236233659,0.00610686965927971,-0.0625520159898285,-0.00893515055579917,TMC8,0.0222873627237108
chr4,1857817,1858883,1067,*,4,0.000653405996104491,0.00725262854356705,0.0118564782534789,0.00543117964085625,0.00653977804816707,0.00108583326829398,LETM1,0.0222873627237108
chr4,55093038,55094337,1300,*,11,0.000712500544816598,0.00926874826455248,0.0429769026491202,0.00738666046093964,-0.0312762178171626,-0.00399324435215831,FIP1L1,0.0222873627237108
chr3,71179703,71180071,369,*,7,0.000755318994509708,0.00376008350681158,0.0335614728219963,0.00446696338417922,0.0285617340105774,0.0163624843900362,FOXP1,0.0222873627237108
chr17,76128683,76129533,851,*,6,0.000756322485431251,0.00398435319640001,0.0357078722224629,0.00584585334922995,0.054250986040342,0.0307362095499176,TMC8,0.0222873627237108
chr14,21904906,21905552,647,*,5,0.000805372590555091,0.00619537154664254,0.0328881487130045,0.00719958843677896,-0.0215098574830546,-0.000795166017003359,CHD8,0.0222873627237108
chr17,73518035,73518382,348,*,4,0.000821886515940485,0.00702855432523292,0.011537631514985,0.00469302708207534,0.00942867451123042,0.00450483604820068,TSEN54,0.0222873627237108
chr4,88312323,88312706,384,*,9,0.000891853334662154,0.00279320357490631,0.0207322437361898,0.00525398470178504,0.0171475983431322,0.00830134977078812,HSD17B11,0.0222873627237108
chr4,1220951,1222440,1490,*,7,0.000897333415454732,0.00979282566828309,0.012904171888162,0.00689884274385631,-0.0572418659678327,-0.0177433660593109,CTBP1,0.0222873627237108
chr7,4743056,4743426,371,*,6,0.000944245577035742,0.007723610935044,0.0141137843494302,0.00612657825950916,-0.0168977312525723,-0.00142889936294407,FOXK1,0.0222873627237108
chr16,28304175,28304663,489,*,3,0.000950369027815691,0.00377717918865729,0.0154856439573902,0.00519658141518975,0.0231971163046218,0.0132399403378768,SBK1,0.0222873627237108
chr1,153362927,153364020,1094,*,6,0.00100076174896774,0.00911341720567627,0.0201388310983718,0.00624008554960893,-0.0677908057643568,-0.0444064809132455,S100A8,0.0222873627237108
chr14,75229933,75230530,598,*,8,0.00103800518064175,0.00128137662825127,0.0660765312551724,0.00428181833403651,0.0110033943073611,0.00358931622852567,YLPM1,0.0222873627237108
chr13,49549440,49550206,767,*,7,0.00122522682816619,0.00464937450974429,0.0467494045784781,0.00748624831932321,0.0169469429497282,0.00707415770782836,FNDC3A,0.0222873627237108
chr6,29579306,29581228,1923,*,13,0.00134898713044911,0.00172375577279686,0.0345709394887549,0.00272829966969471,-0.0195629251913071,-0.00446213491568963,GABBR1,0.0222873627237108
chr4,54959419,54960259,841,*,7,0.00172013194548559,0.0068507750057221,0.0416566186020094,0.00749986381942714,-0.0341690194075596,-0.011350871427724,FIP1L1,0.0222873627237108
chr5,139040546,139041014,469,*,5,0.00182499054111346,0.0103836232579096,0.0143354280195158,0.00774141683986481,-0.0680219473037264,-0.0501466319647528,CXXC5,0.0222873627237108
chr7,107531689,107532014,326,*,4,0.00186190321597769,0.00796913956359507,0.0219990627056515,0.00720438752088199,-0.00808667030714086,-0.00206174006142149,DLD,0.0222873627237108
chr3,9773022,9774065,1044,*,9,0.00193210453984485,0.00584972986571287,0.073623250311924,0.00818870925711312,0.00906375343151104,0.00185861474441874,BRPF1,0.0222873627237108
chr7,2962373,2962845,473,*,3,0.0019451920109977,0.0084994319335274,0.0134388152160187,0.00686748214098814,0.0205036561506251,0.0102001670495479,CARD11,0.0222873627237108
chr3,47844653,47845672,1020,*,6,0.0021283953140731,0.00454847030922891,0.0549357609353292,0.00800747390168658,-0.0318847273698006,-0.00433308820175646,DHX30,0.0222873627237108
chr1,25290947,25292412,1466,*,16,0.00221686150149407,0.00910401384665342,0.0369670508044434,0.00689884274385631,0.104403570005623,0.0522587731711074,RUNX3,0.0222873627237108
chr1,202130344,202131184,841,*,5,0.0024579008221919,0.00663535830509409,0.0505672547823121,0.00901407272953047,-0.0520618341452102,-0.0328880680352754,PTPN7,0.0222873627237108
chr14,99737609,99738493,885,*,6,0.00251198976550219,0.00967033325777948,0.0336032858736656,0.00859497897599778,0.0309978900889011,0.0145984797047275,BCL11B,0.0222873627237108
chr7,2402133,2402340,208,*,3,0.00253010335876364,0.0080909791110783,0.0121837754920947,0.0067619185045129,0.0267916992894285,0.00807944424246817,EIF3B,0.0222873627237108
chr19,14676202,14676764,563,*,5,0.00255600540507246,0.00803993369746606,0.0348508456991747,0.00793759919560209,0.0113088304242658,0.00389275920703094,TECR,0.0222873627237108
chr2,170683823,170684455,633,*,8,0.00257146865753448,0.00939083925105496,0.0459354555307779,0.00954965073362849,0.0232061998351469,0.00342650795487145,UBR3,0.0222873627237108
chr8,133772657,133773115,459,*,6,0.00257750759411507,0.00467494282866298,0.0473178710043699,0.00774141683986481,0.0439171576909807,0.0169992978195821,TMEM71,0.0222873627237108
chr1,25246854,25246922,69,*,2,0.00265238528224455,0.00497602527476261,0.0168452643710699,0.0062389651349716,0.0666469495480996,0.0467672185260415,RUNX3,0.0222873627237108
chr10,102045829,102046768,940,*,21,0.00268519084509678,0.00333704771512853,0.0674171105243642,0.00862131972933039,0.0344511419868731,0.0103472244796708,BLOC1S2,0.0222873627237108
chr20,60719442,60719824,383,*,5,0.00295918827307082,0.00655356089910966,0.0371638310446063,0.00818695870374463,0.0111373696245768,0.00136651152305995,SS18L1,0.0222873627237108
chr16,2809774,2810375,602,*,4,0.00297465810521776,0.00803743006531805,0.0208366153625743,0.00815574496825358,0.0127284049410936,-0.000495975254412889,SRRM2,0.0222873627237108
chr12,133134938,133135698,761,*,4,0.00303268641572346,0.00584019799027316,0.0354978978073389,0.0075077556863107,0.0101511383667969,0.00530327609954851,FBRSL1,0.0222873627237108
chr16,70558055,70558200,146,*,3,0.00316178803699569,0.00488797788998716,0.0330468672209341,0.00715630417015223,0.0187644619105818,0.0127443664625476,SF3B3,0.0222873627237108
chr1,167190990,167191768,779,*,3,0.00321769933821067,0.00758933259921888,0.0206133470325118,0.00843204121253261,0.00879689472829234,0.00438540792360682,POU2F1,0.0222873627237108
chr11,58345226,58345717,492,*,9,0.00325869710976152,0.00727332485524105,0.046236590166193,0.00834569483228236,0.0151274290997935,0.00971987638576896,LPXN,0.0222873627237108
chr16,3614600,3614909,310,*,2,0.00331092093713004,0.0101224162814883,0.0119421690000001,0.00783310190392338,0.00477850716187722,0.00431705701014756,NLRC3,0.0222873627237108
chr7,148937111,148937410,300,*,3,0.00331184483855947,0.00633630608570652,0.0157552243459595,0.00689884274385631,0.00816057564708458,0.00329227006704765,ZNF212,0.0222873627237108
chr16,475440,475948,509,*,5,0.00332976543991948,0.00953946415967267,0.0165204538425159,0.00933315128846005,0.00498207655662069,0.00174934929142153,RAB11FIP3,0.0222873627237108
chr12,122459934,122460473,540,*,4,0.00342385429291948,0.0081133233053889,0.0489126898980752,0.0106553782073888,0.0081524940199352,0.00562480472588638,BCL7A,0.0222873627237108
chr12,6745057,6745568,512,*,6,0.0038065403196314,0.00720812532563842,0.0402633663088825,0.00862376585007536,0.0470925437109703,0.0225355084158565,LPAR5,0.0222873627237108
chr7,2959067,2959121,55,*,3,0.00382760643851906,0.00706959160320951,0.0249621624587309,0.00861702194307157,0.00400051293800963,-0.000256913927574135,CARD11,0.0222873627237108
chr1,186649153,186649519,367,*,5,0.00405203289247531,0.00447904809371194,0.0587865802529394,0.0079090131334474,-0.0141031637893598,-0.00508760805852015,PTGS2,0.0222873627237108
chr12,132549292,132549404,113,*,3,0.0041253111386421,0.00458093780617254,0.0265482059318227,0.00651145174187161,0.0341814758927769,0.02749813021569,EP400,0.0222873627237108
chr16,89959984,89960601,618,*,5,0.0041556753882953,0.010424326519576,0.0309604423607142,0.00825916145839125,-0.00826051131469452,-0.00256213820831439,TCF25,0.0222873627237108
chr12,133656595,133656953,359,*,7,0.00482575950817658,0.00911341720567627,0.024327251873233,0.0089385457029535,0.0205604559246579,0.00898520239098576,ZNF140,0.0222873627237108
chr18,29264051,29264431,381,*,3,0.00499537232388399,0.00717824621297958,0.0268332421080045,0.0088075900274432,-0.0288341862861314,-0.0124274948053801,B4GALT6,0.0222873627237108
chr2,157291262,157292411,1150,*,9,0.00504805835575083,0.00511226947842331,0.0487314283739341,0.00727202243423394,-0.0707559471975898,-0.027145760728146,GPD2,0.0222873627237108
chr20,35274281,35274941,661,*,9,0.00509068904112324,0.00890937145173226,0.0577821122460933,0.0102789305879538,0.0491198102806706,0.00865570038387585,SLA2,0.0222873627237108
chr14,54955474,54956552,1079,*,8,0.00523173800721453,0.00586674264971813,0.0524197746144929,0.00903934727444739,0.0153236783957436,0.00676664407839606,GMFB,0.0222873627237108
chr7,4746964,4747261,298,*,5,0.00585864505501037,0.00760257183370359,0.0219990627056515,0.00921449057266677,-0.0208796536278653,-0.0144908651897237,FOXK1,0.0222873627237108
chr1,225616198,225617030,833,*,5,0.00597176309067476,0.00650379186987926,0.0305977452107544,0.0070810213483102,0.0218707820700097,0.0129577440938419,LBR,0.0222873627237108
chr1,156737458,156738798,1341,*,5,0.0060552571670444,0.00819747945189002,0.0411611305680634,0.010964547436645,0.0163578407719132,0.0095745813604476,PRCC,0.0222873627237108
chr17,1792008,1792197,190,*,3,0.0063007118917745,0.0101325453909318,0.0270536051317598,0.00962382939050784,-0.0119411971252752,-0.0110733807580959,RPA1,0.0222873627237108
chr1,3704244,3704559,316,*,4,0.00643305496996953,0.00808045630917019,0.061158668902069,0.0111160808366003,0.0409890938192264,0.0301882999852154,LRRC47,0.0222873627237108
chr7,4803811,4804431,621,*,3,0.00698068122851893,0.00820993260995665,0.020356337756243,0.00905617041341522,-0.0396575790467203,-0.0191552073495841,FOXK1,0.0222873627237108
chr4,174091002,174091422,421,*,2,0.00721843219635663,0.0101144710236594,0.0153501819585996,0.00953366104796263,-0.0218921202232248,-0.00888862733926563,GALNT7,0.0222873627237108
chr13,108866993,108867154,162,*,4,0.00756877098495202,0.00752040280824039,0.0417313708099644,0.0100619862011543,0.0514036892031514,0.0307201538413326,LIG4,0.0222873627237108
chr6,112115117,112115430,314,*,4,0.00787471933249504,0.0101032353087255,0.0194320852641042,0.0108110724799313,0.0339913884116847,0.0173702528094609,FYN,0.0222873627237108
chr16,87749116,87749372,257,*,2,0.0081784767571324,0.0104546357393577,0.015801249196495,0.00996737787809944,0.0284742529890824,0.00988366765657128,KLHDC4,0.0222873627237108
chr2,190525813,190526349,537,*,11,0.00871207422848071,0.00952168407938703,0.0949456232867456,0.0120141441870999,0.011717647214191,0.00611218059181092,ASNSD1,0.0222873627237108
chr3,169490563,169490789,227,*,5,0.00967291200335784,0.00583513523429811,0.0460145666753548,0.00817722518051848,0.00986247456174819,0.00825187543858706,MYNN,0.0222873627237108
chr5,159846083,159846553,471,*,6,0.0100688240788979,0.0102651973731099,0.0549499891983658,0.0112000342175281,0.0220599793243942,0.0106974590475482,SLU7,0.0222873627237108
chr11,71709751,71709978,228,*,6,0.0111899493067157,0.00565845070934802,0.0888281810541663,0.0101313118502715,-0.0194549700703415,-0.00260966678511907,IL18BP,0.0222873627237108
chr8,12612631,12613561,931,*,8,0.0113433724065621,0.00803993369746606,0.0973765367158438,0.0149305229277715,0.00789415876192323,0.00237168188521515,LONRF1,0.0222873627237108
chr14,91766264,91766373,110,*,2,0.012165760283937,0.00679483932055225,0.0172052223189538,0.00793759919560209,0.00994028703639804,0.00214208999223264,CCDC88C,0.0222873627237108
chr1,32757294,32757834,541,*,9,0.0122053017923663,0.00891133527637605,0.0609642007162194,0.0131104531468217,0.0241164649460484,0.00432028482093042,HDAC1,0.0222873627237108
chr16,70286329,70286779,451,*,5,0.0133065421928645,0.00953946415967267,0.0704381342377526,0.0154140236796716,-0.0116364782938519,-0.00859047007056644,AARS,0.0222873627237108
chr11,71752705,71752997,293,*,5,0.0153924636317768,0.00775664144180048,0.0595212971480736,0.0109491848537363,-0.0245423567831665,-0.0116199605902399,NUMA1,0.0222873627237108
chr4,903473,903575,103,*,3,0.0165185797738852,0.00904522088333574,0.0620563115003452,0.0121779819372369,0.0113111479824966,0.00214286984643168,GAK,0.0222873627237108
chr12,54891634,54891636,3,*,2,0.0203217686791039,0.0104350590961644,0.039310311230211,0.0121525528743317,0.00904702624093178,0.00866957541781405,NCKAP1L,0.0222873627237108
chr16,79155958,79156020,63,*,2,0.00279674069533855,0.0118022630348338,0.010788009016712,0.00738666046093964,-0.00762729627271552,-0.00592304093910373,WWOX,0.0226505302439964
chr7,4797831,4798827,997,*,6,0.00126239132917464,0.0132023348782048,0.0311988685123273,0.00904652093791067,-0.0122885326052962,-0.00666939274138874,FOXK1,0.0232798630598495
chr10,574361,574732,372,*,4,0.00477428404625498,0.0148023160789686,0.012904171888162,0.010321436437083,0.0188576436657165,0.0102310756571915,DIP2C,0.0246370214366536
chr21,34775459,34776637,1179,*,5,0.00516661011582443,0.0162332416263869,0.0287829010521473,0.0120119379707076,0.0147512060797039,0.00060276716708633,IFNGR2,0.0260593609976158
chr4,84205065,84206199,1135,*,9,0.00407702689570883,0.0171468377503258,0.0274952289964774,0.0104926680805867,-0.0363179934223525,0.00546867774356569,COQ2,0.0269318122776617
chr4,925410,925854,445,*,3,0.00447178981270884,0.0174370616354804,0.0257041863884057,0.0164782159553346,0.0193544343120851,0.011640769578628,GAK,0.0272219125904299
chr1,25254746,25255314,569,*,3,0.00311158437376847,0.0181632327589006,0.0127717014422968,0.00928502564490212,0.0163008094844806,0.0116954707260368,RUNX3,0.0279237282982914
chr6,32549631,32549849,219,*,2,0.000735700066601707,0.0192371295150612,0.00760076808210923,0.00569462388650911,-0.117234620536286,-0.0490087919625277,HLA-DRB1,0.028899132952142
chr7,4754502,4755415,914,*,6,0.00762448743441438,0.0200055260093222,0.0210420761326342,0.0124940696769941,-0.0913587251567766,-0.0574217077466891,FOXK1,0.0296989909548656
chr10,589143,589375,233,*,3,0.012070068253105,0.0203310117298034,0.0366931084170031,0.0190366689119233,-0.00704785220166715,-0.00522124764548667,DIP2C,0.030002930376614
chr17,73513132,73513338,207,*,2,0.010340690094868,0.0239953639453524,0.0374255979130917,0.0252227675564497,0.0103653213108359,0.00564451385559802,TSEN54,0.0337093242514348
chr16,968682,969468,787,*,5,0.0086084124236409,0.0242417969742421,0.0293895646220935,0.0225191629336014,0.0248097306513051,0.0002778482047612,LMF1,0.0338768163958002
chr6,41554529,41554543,15,*,2,0.00891303517542375,0.0244082238003332,0.0130007372934998,0.0105407057026871,-0.0197618326717084,-0.00793591590004161,FOXP4,0.0340530551941737
chr7,3026309,3026459,151,*,3,0.00956423102830193,0.0264822015522237,0.0176622782425285,0.00992777769568335,-0.0114148190319809,-0.00184072550348476,CARD11,0.0359975518472579
chr11,117102463,117102988,526,*,6,0.00578565832318195,0.0292595206088504,0.0237884863678884,0.0248009650783049,0.019295992486616,0.00698060941818102,PCSK7,0.0387408897087272
chr12,132551078,132551592,515,*,5,0.00432538899019802,0.0406562558832776,0.0138794694307532,0.010336162561784,0.0169272350508264,0.00486554763848006,EP400,0.049930428177327
chr10,334430,334773,344,*,5,8.07110356949628e-06,0.0429065191235693,0.0014053545146879,0.00210071691068071,0.00826352431181232,0.00327312474153165,DIP2C,0.0521575723201416
chr12,133140305,133140633,329,*,2,0.00361031468409801,0.0553144041684784,0.0115405716428096,0.00964396049258152,0.0211526344902625,0.00767469890952011,FBRSL1,0.0644320110586804
chr12,125348871,125349072,202,*,2,0.0146081336251853,0.0589123847838831,0.0136441385691954,0.0133008646386317,0.0122197509133488,0.00251450822193189,SCARB1,0.0680950548370671
chr1,3712988,3713158,171,*,6,0.0187038318871411,0.0613433096503085,0.0158810576968915,0.0144331309726905,-0.014275655675069,-7.23950209587434e-05,LRRC47,0.0705546537519107
chr17,37026641,37027030,390,*,2,0.0155066644138179,0.0721064778967279,0.0209754938563984,0.0294852201703129,0.0191571341374414,0.0120130348176218,LASP1,0.0811110791219955
chr7,56174025,56174888,864,*,10,0.00351874524954779,0.0971842496053091,0.0128635722373312,0.0148947823711771,-0.0164064586396819,0.000251644488886418,CHCHD2,0.105992283468835
chr17,7137333,7137540,208,*,3,0.00972204440922539,0.117192563721663,0.0436805192237426,0.0449823774681058,0.00951253623061457,0.00343680396198587,DVL2,0.12531935000041
chr8,77912326,77912832,507,*,9,0.0154000207717627,0.129758419070229,0.0195266713138032,0.0662013495383197,0.00600814193714733,0.00256821404883054,PEX2,0.137556329981802
chr7,116503126,116503444,319,*,5,0.00307325813881921,0.463432552581491,0.007812197136308,0.0183005356993859,0.01645707259089,0.00705967352435118,CAPZA2,0.465331047298836
chr12,132378066,132378192,127,*,2,0.000648159234311038,0.00548240995961454,0.0156527010973682,0.00651448423782675,-0.013673532823742,-0.0119118678932965,"",0.0222873627237108
chr2,108993602,108994311,710,*,5,0.00851962499667562,0.0396974210013871,0.0198279318627862,0.0162293026915738,-0.0454052839173951,-0.012647324916741,"",0.049050381958997
chr17,72869660,72869935,276,*,3,0.00132697604251658,0.0274806607293631,0.0126376979125158,0.00921449057266677,0.0193890734691518,0.011912865092025,"",0.0369663307384876
chr19,59010761,59011427,667,*,5,0.00229221186522094,0.0137793818069445,0.0293514263807727,0.00972419481915983,-0.00887640640647625,-0.000985700548337742,SLC27A5,0.0236442818993886
chr2,68545960,68547349,1390,*,14,0.000502259406088093,0.00511205294093277,0.0612633203486396,0.00604396275250274,-0.0196335225583827,-0.00379399553999547,CNRIP1,0.0222873627237108
chr7,134671876,134671987,112,*,2,0.0122397448385515,0.0119119212482301,0.0325776537792896,0.0134657121132151,0.024968983187726,0.0152742911195794,AGBL3,0.0226516199481453
chr14,38064849,38065582,734,*,7,0.00609725778726167,0.0379573316449924,0.0275536850626268,0.0151403357764851,0.0164740499330815,-2.12068915250319e-05,"TTC6, FOXA1",0.0474049184067613
chr5,5287980,5288296,317,*,6,0.00155682733824447,0.00750745615879672,0.0375010049388942,0.00741236314002471,-0.0217448801497557,-0.00759376181099121,ADAMTS16,0.0222873627237108
chr19,18709415,18709521,107,*,5,5.92629180498479e-05,0.00205928849015278,0.0128171077435999,0.0014026478057235,0.0186107047309791,0.0114741285373565,CRLF1,0.0222873627237108
chr1,226308960,226309722,763,*,4,0.00229354635643107,0.0357397477846716,0.012459870674024,0.0106546708489906,-0.0180672341081957,-0.00625148594181865,"",0.0453267988652548
chr6,30434109,30434552,444,*,16,0.00212101299332875,0.0164153749082204,0.069341031206555,0.0116567357090979,0.0200831631638698,0.0066552220950747,TMPOP1,0.026253403404766
chr12,117477424,117478480,1057,*,5,4.30212123439413e-06,0.0126380312401316,0.00893367035126136,0.00151613249197583,-0.0696890006768021,-0.0232308617553322,TESC,0.0230263346969065
chr2,232379626,232379717,92,*,3,0.0158686373948758,0.0136096899330229,0.0818616124634461,0.0241192956938944,0.013713520754588,0.00803455400105406,"",0.0235397986432608
chr12,6976409,6976660,252,*,8,0.0135856626726217,0.0168062283884842,0.080583997407607,0.0231221925032197,0.00624259266255623,0.00186720497443479,TPI1,0.0265488678213311
chr1,244623953,244624785,833,*,7,0.00364279934085252,0.032348361339726,0.014158294069541,0.0110897280887078,0.0156164670702778,0.00446637174607108,C1orf101,0.0419160597548982
chr2,179060011,179060117,107,*,2,0.000785137695774457,0.00729747038187767,0.00928924739848483,0.00519658141518975,0.00844313526304209,0.0028080992006406,OSBPL6,0.0222873627237108
chr13,36044860,36045352,493,*,6,0.000922212551372527,0.00583474724462085,0.0182503873302475,0.00584422049855776,-0.0244010519265033,-0.0075258299309594,NBEA,0.0222873627237108
chr11,1669581,1669926,346,*,3,0.0127698756623055,0.00838882637875227,0.0190729973841443,0.00856969333330591,0.0351364439192983,0.0171063145709303,"",0.0222873627237108
chr4,100815442,100815590,149,*,3,0.0161316959824494,0.0184848901388533,0.0424749304528777,0.0208433238389087,0.00833803564890266,0.00631371817483461,LAMTOR3,0.0281688918117278
chr17,79423649,79423959,311,*,2,0.00345442701825312,0.00727124869055751,0.0143058797227726,0.00768731556548782,-0.0346896271464039,-0.0141905329461798,RP11-1055B8.7,0.0222873627237108
chr15,83735291,83735344,54,*,2,0.0124661671909055,0.0171468377503258,0.0344290231261654,0.0191373886504297,0.00970563227546618,0.00774165812692823,"RP11-382A20.5, RP11-382A20.6, BTBD1",0.0269318122776617
chr1,110881368,110882527,1160,*,12,0.000553442767442419,0.0268680188479826,0.0281208190068997,0.00798711959270366,0.00982813265899714,0.00511946565503838,"RBM15, RP5-1074L1.1",0.0363934800453697
chr20,30639305,30640595,1291,*,14,5.30232955789395e-05,0.00439102665091315,0.0175378959969683,0.00262771066714003,0.0272381507330964,0.0053507831757047,HCK,0.0222873627237108
chr8,141554311,141554380,70,*,2,0.000471579917596374,0.00366397441067229,0.00864787756341542,0.00304021344796789,-0.0139397414302649,-0.00673813782202032,AGO2,0.0222873627237108
chr6,25153422,25153566,145,*,3,0.0102970976918568,0.0387017826274288,0.0128171077435999,0.0118735302199345,0.0132338648538773,0.0046468046163749,CMAHP,0.0481266226157372
chr6,33358411,33359192,782,*,18,0.00402589141404432,0.0169020729940357,0.100477921757543,0.0185286033682165,0.0246953220953573,-0.00258981314433658,"",0.0266462267884985
chr11,133735024,133735550,527,*,3,0.00114499533638409,0.017291585832906,0.0115052397639161,0.00810031986051864,0.0240738324327372,0.00423045078032243,RP11-259P6.3,0.027076972166726
chr1,204301278,204301350,73,*,2,0.000376945169718902,0.00243184451355766,0.00934337517034838,0.00256624058298917,0.0310153416642681,0.0115201576107403,PLEKHA6,0.0222873627237108
chr5,122110725,122111354,630,*,6,0.00038706807859462,0.0130941935474007,0.00701917363471232,0.00659898310114167,0.0103777471312996,0.00427496703992695,SNX2,0.0232126605825067
chr4,109571402,109572013,612,*,8,0.000251926033527121,0.00118110410792468,0.0278504015907194,0.00315669028806688,0.01964879120295,0.0119013751910306,OSTC,0.0222873627237108
chr17,8079312,8079772,461,*,5,0.0138484653690845,0.0541400359123104,0.0937858085700891,0.0614027103169454,0.00701156850821735,0.00397873663630383,TMEM107,0.063333370319927
chr11,66444738,66444806,69,*,3,0.0194729168200199,0.0613844538392524,0.0309691775694317,0.041568158635632,0.0100635012514469,0.00451527559184158,RBM4B,0.0705845435875058
chr19,2739684,2740392,709,*,11,0.0115991061268349,0.0627554519045339,0.0332743954771728,0.0315455307430877,0.0134987666686119,0.00396996654265915,"AC006538.4, SLC39A3",0.0719124359053677
chr7,157915171,157915584,414,*,4,0.0172907797101267,0.151157864596717,0.0347366368120885,0.0193086730834433,-0.0113384124819295,-0.00384756021438593,PTPRN2,0.158545535006061
chr1,9711398,9711961,564,*,5,0.00206248361498302,0.0827358192377063,0.0162492765578928,0.00942662856910712,0.0145860806020371,0.00573420854847365,PIK3CD,0.0915856216282382
chr17,79875458,79876123,666,*,5,0.00278685447029187,0.0430474630115865,0.0132622057327462,0.0122227166701615,0.0282404588291703,0.0163568098825061,SIRT7,0.052267119197209
chr16,691570,692027,458,*,4,0.00200945383200993,0.0543830163576047,0.0136713824375509,0.0109050837608241,-0.00883393439372238,-0.00276995020543511,"FAM195A, AL022341.1",0.0635378091262833
chr13,48877530,48878037,508,*,12,0.0103890867087172,0.123715250805709,0.0415233926437238,0.0618754969272897,0.0102284741709251,0.00480289873857428,"RB1, LINC00441",0.131599342851117
chr6,33266652,33267268,617,*,17,0.0121779202569045,0.392832647573382,0.109913808649392,0.219602358995898,0.0172182380038825,0.00501450700608314,RGL2,0.395636167765839
chr5,131892242,131893006,765,*,9,0.00512074812676385,0.166087228594173,0.0336032858736656,0.0243428007372442,-0.0255234991495209,0.00110717061810863,"RAD50, IL5",0.173267971228285
chr8,22925391,22926911,1521,*,14,0.000711621232687454,0.047095989558568,0.00949024037157629,0.00474367274966792,-0.0258888355747376,0.000224089492131548,"RP11-875O11.2, TNFRSF10B",0.0563538927723564
chr10,2370970,2371438,469,*,7,0.00138141719389017,0.111292433906361,0.0183191435833497,0.011718353910223,0.0300423638324857,0.00200622063518507,"",0.119559138339544
chr8,710997,711581,585,*,4,0.000682263932559098,0.0727441253887244,0.0119218455503145,0.00800747390168658,0.0127786800712063,-0.000566765288444765,ERICH1-AS1,0.081729648235293
chr3,9834304,9834899,596,*,9,0.0109926581138808,0.0474801088791831,0.0381167176159841,0.0349833861873139,0.00809367749562909,0.00292178503150711,"ARPC4, ARPC4-TTLL3, TADA3",0.0566961197565014
chr19,19431259,19431847,589,*,14,0.00689858611501531,0.0683890268754652,0.0487311697568305,0.0264575560501023,0.00962801802686336,0.00277821473320185,"MAU2, SUGP1",0.0774344026644886
chr5,1076166,1077845,1680,*,11,0.00272904707082636,0.0412058040401488,0.0286014506078479,0.00937357344473193,0.00804012637057272,0.000407583428089119,SLC12A7,0.0504191879703029
chr5,141704548,141705539,992,*,15,0.000346497146460334,0.051468003028043,0.0156715631432692,0.0081696198312567,0.0236958603886081,0.00219582016092713,"AC005592.2, SPRY4",0.0606034108980015
chr17,73996245,73996331,87,*,2,0.0115600220269504,0.14901038801651,0.0132622057327462,0.0139177574303019,-0.0140040106849196,-0.0105875851590553,"TEN1, TEN1-CDK3",0.156434034488929
chr1,53924763,53925053,291,*,3,0.0132504706232835,0.192418884030009,0.0456433337168003,0.0658148776825194,-0.0134091218996413,-0.0075081624923277,"",0.198867009082946
chr8,134308734,134309501,768,*,4,0.0133943245306413,0.135660767616618,0.0324049194891087,0.0422936610472135,0.0196090232520817,0.0088481487623254,NDRG1,0.1433565225302
