sex,drug,view,feature,loading
female,Adalimumab,expression,ENSG00000106070,0.591962841201962
female,Adalimumab,expression,ENSG00000161981,0.5143604067643138
female,Adalimumab,expression,ENSG00000221866,-0.2607124188844463
female,Adalimumab,expression,ENSG00000085978,-0.24916048916501835
female,Adalimumab,expression,ENSG00000183837,0.24078661746694327
female,Adalimumab,expression,ENSG00000258430,0.23335672799088253
female,Adalimumab,expression,ENSG00000100246,0.22055232855306742
female,Adalimumab,expression,ENSG00000206559,0.18715591427059985
female,Adalimumab,expression,ENSG00000211950,0.14652198500399768
female,Adalimumab,expression,ENSG00000167258,-0.10155694948669972
female,Adalimumab,expression,ENSG00000263503,0.09834696631466926
female,Adalimumab,expression,ENSG00000225178,0.09353379928113896
female,Adalimumab,expression,ENSG00000249129,-0.0663666864384894
female,Adalimumab,expression,ENSG00000260911,0.064608355663492
female,Adalimumab,expression,ENSG00000204394,0.00867457095244673
female,Adalimumab,methylation,cg26365776,-0.6758217986632074
female,Adalimumab,methylation,cg11185844,0.34128972130125135
female,Adalimumab,methylation,cg12194824,0.25182583232037825
female,Adalimumab,methylation,cg21269781,0.2518035458883174
female,Adalimumab,methylation,cg20648847,-0.24890672142488685
female,Adalimumab,methylation,cg03809847,-0.23288125578971824
female,Adalimumab,methylation,cg15663484,-0.22165241348800124
female,Adalimumab,methylation,cg08183724,-0.21548324690364767
female,Adalimumab,methylation,cg04770940,0.16565778209947685
female,Adalimumab,methylation,cg14666699,0.1607983604374048
female,Adalimumab,methylation,cg02973320,0.10634159712944088
female,Adalimumab,methylation,cg18354041,0.10282274898149091
female,Adalimumab,methylation,cg13917023,0.08691725255554603
female,Adalimumab,methylation,cg11500823,0.07155014064365564
female,Adalimumab,methylation,cg02567719,-0.018978718990645845
male,Adalimumab,expression,ENSG00000207003,0.5879787489609443
male,Adalimumab,expression,ENSG00000231233,0.4968026202673248
male,Adalimumab,expression,ENSG00000182923,-0.3064667524857004
male,Adalimumab,expression,ENSG00000138738,-0.28842683853459217
male,Adalimumab,expression,ENSG00000230592,0.2584970926278588
male,Adalimumab,expression,ENSG00000227908,-0.1988973727613279
male,Adalimumab,expression,ENSG00000234093,0.1800905622721616
male,Adalimumab,expression,ENSG00000206177,-0.17298210935949399
male,Adalimumab,expression,ENSG00000124429,-0.1484573259148409
male,Adalimumab,expression,ENSG00000119986,-0.14637504274884905
male,Adalimumab,expression,ENSG00000167210,-0.07379560226995154
male,Adalimumab,expression,ENSG00000278206,0.07038426838204061
male,Adalimumab,expression,ENSG00000113504,0.06201442176296686
male,Adalimumab,expression,ENSG00000260911,-0.05832262674124187
male,Adalimumab,expression,ENSG00000266066,0.022530400109814178
male,Adalimumab,methylation,cg02605540,-0.4828424177168927
male,Adalimumab,methylation,cg23630813,0.43624164751892847
male,Adalimumab,methylation,cg07613178,0.42366182866770186
male,Adalimumab,methylation,cg01672080,-0.3106392742057618
male,Adalimumab,methylation,cg21471707,0.2795566871843536
male,Adalimumab,methylation,cg13281678,0.2685701070554488
male,Adalimumab,methylation,cg05755972,-0.25391040028679246
male,Adalimumab,methylation,cg11265381,-0.20974230284824066
male,Adalimumab,methylation,cg12714415,-0.11543187047991159
male,Adalimumab,methylation,cg26672776,-0.10059203626086005
male,Adalimumab,methylation,cg24687100,-0.07923991438563095
male,Adalimumab,methylation,cg23395553,0.07303977936271173
male,Adalimumab,methylation,ch.10.296387R,0.05931753753256969
male,Adalimumab,methylation,cg13950001,-0.04764480765758351
male,Adalimumab,methylation,cg11038343,0.031313037293373064
female,Etanercept,expression,ENSG00000165644,-0.6567374331912637
female,Etanercept,expression,ENSG00000175344,0.4390736957378487
female,Etanercept,expression,ENSG00000183423,0.4176315669608873
female,Etanercept,expression,ENSG00000139200,-0.30642252280859117
female,Etanercept,expression,ENSG00000279161,0.1680471247904571
female,Etanercept,expression,ENSG00000179934,-0.13458278546851823
female,Etanercept,expression,ENSG00000232818,0.12508319906355694
female,Etanercept,expression,ENSG00000164066,0.1071319144620713
female,Etanercept,expression,ENSG00000172167,-0.10657261402954867
female,Etanercept,expression,ENSG00000199436,0.07474553303582311
female,Etanercept,expression,ENSG00000270659,0.07424700628798545
female,Etanercept,expression,ENSG00000277089,-0.06849392627890516
female,Etanercept,expression,ENSG00000270016,-0.06183213423308175
female,Etanercept,expression,ENSG00000158169,-0.056083027950077316
female,Etanercept,expression,ENSG00000049541,-0.0025995717315528163
female,Etanercept,methylation,cg24173410,0.6833368616814944
female,Etanercept,methylation,cg08193293,0.37930839035977865
female,Etanercept,methylation,cg09062052,0.3674158878808691
female,Etanercept,methylation,cg08323017,0.30319682745003684
female,Etanercept,methylation,cg14357055,0.2127497564573101
female,Etanercept,methylation,cg13323553,0.16754649593989285
female,Etanercept,methylation,cg12554282,0.15976990813722808
female,Etanercept,methylation,cg14101359,0.15205807253480325
female,Etanercept,methylation,cg26406609,0.09667099175314463
female,Etanercept,methylation,cg17491339,0.08638699792365821
female,Etanercept,methylation,cg22188933,0.08459546279223999
female,Etanercept,methylation,cg25080753,0.06854842411814707
female,Etanercept,methylation,cg18685745,0.06832116118226525
female,Etanercept,methylation,cg00586094,0.06814628264124933
female,Etanercept,methylation,cg02786913,0.04791440022914371
male,Etanercept,expression,ENSG00000110925,0.5792551076200523
male,Etanercept,expression,ENSG00000259343,-0.42852335270523684
male,Etanercept,expression,ENSG00000143514,0.39271511081202465
male,Etanercept,expression,ENSG00000164867,-0.35423595907690375
male,Etanercept,expression,ENSG00000130766,0.2627593538140995
male,Etanercept,expression,ENSG00000253409,-0.16811572931604088
male,Etanercept,expression,ENSG00000104756,0.1672532402414508
male,Etanercept,expression,ENSG00000214184,-0.15751763388785797
male,Etanercept,expression,ENSG00000139112,0.10416069795241617
male,Etanercept,expression,ENSG00000185518,-0.10276080628941539
male,Etanercept,expression,ENSG00000231305,-0.09567819602160567
male,Etanercept,expression,ENSG00000213533,0.09414016230005204
male,Etanercept,expression,ENSG00000108561,-0.07924390562790265
male,Etanercept,expression,ENSG00000125864,0.066827300827695793
male,Etanercept,expression,ENSG00000164512,-0.02933852974938856
male,Etanercept,methylation,cg15842800,-0.5097490297575867
male,Etanercept,methylation,cg10148801,-0.43779456251136495
male,Etanercept,methylation,cg23578349,-0.3658261668152082
male,Etanercept,methylation,cg24589001,-0.31778374161848
male,Etanercept,methylation,cg25871008,-0.2824899281147626
male,Etanercept,methylation,cg02145932,0.22317518465048192
male,Etanercept,methylation,cg04432319,0.19391643362470035
male,Etanercept,methylation,cg14060111,0.18387978638921815
male,Etanercept,methylation,cg20662370,-0.18341946981516488
male,Etanercept,methylation,cg09560161,-0.1697196240793332
male,Etanercept,methylation,cg03874089,0.14104190141968256
male,Etanercept,methylation,cg03459510,-0.13764566728116817
male,Etanercept,methylation,cg16628040,-0.07737299714673825
male,Etanercept,methylation,cg00026401,-0.055247567018502114
male,Etanercept,methylation,cg11375692,-0.04824935853881776
