SNP,effect_allele.exposure,other_allele.exposure,effect_allele.outcome,other_allele.outcome,beta.exposure,beta.outcome,eaf.exposure,eaf.outcome,remove,palindromic,ambiguous,id.outcome,chr.outcome,pos.outcome,se.outcome,pval.outcome,outcome,mr_keep.outcome,pval_origin.outcome,data_source.outcome,samplesize.outcome,ncase.outcome,ncontrol.outcome,chr.exposure,pos.exposure,se.exposure,pval.exposure,samplesize.exposure,exposure,mr_keep.exposure,pval_origin.exposure,id.exposure,F_stat,action,SNP_index,mr_keep,units.outcome,units.exposure,rsq.exposure,effective_n.exposure,rsq.outcome,effective_n.outcome,steiger_dir,steiger_pval
rs106111,G,A,G,A,-0.2122724,0.0169,0.2933,,FALSE,FALSE,FALSE,GCST90132223,14,65190439,0.0171,0.3229,Rheumatoid arthritis || Ishigaki et al. 2022 (European) || GCST90132223,TRUE,reported,textfile,97173,22350,74823,chr14,65190439,0.0105856,1.9e-89,21382,cg25598086,TRUE,reported,zxC2m1,402.120396339169,2,1,TRUE,,,0.0184610308373262,21382,1.00517146411991e-05,97173,TRUE,6.15117237787121e-70
rs12147184,T,C,T,C,-0.4295745,0.0079,0.1569,,FALSE,FALSE,FALSE,GCST90132223,14,64890645,0.0233,0.7358,Rheumatoid arthritis || Ishigaki et al. 2022 (European) || GCST90132223,TRUE,reported,textfile,97173,22350,74823,chr14,64890645,0.0139972,1e-200,18380,cg25598086,TRUE,reported,zxC2m1,941.877994391259,2,1,TRUE,,,0.0487517568519167,18380,1.18305559720967e-06,97173,TRUE,9.22053843597174e-170
rs10930013,A,G,A,G,0.1341204,-0.001,0.4871,,FALSE,FALSE,FALSE,GCST90132223,2,162070325,0.0154,0.948,Rheumatoid arthritis || Ishigaki et al. 2022 (European) || GCST90132223,TRUE,reported,textfile,97173,22350,74823,chr2,162070325,0.0087261,2.601e-53,25984,cg00322319,TRUE,reported,dmwgde,236.23775603268,2,1,TRUE,,,0.00901043610294985,25984,4.33932189146028e-08,97173,TRUE,3.89051350873643e-42
rs16891315,C,T,C,T,-0.1347932,0.0103,0.1197,,FALSE,FALSE,FALSE,GCST90132223,6,26111756,0.0201,0.6092,Rheumatoid arthritis || Ishigaki et al. 2022 (European) || GCST90132223,TRUE,reported,textfile,97173,22350,74823,chr6,26111756,0.0146052,2.728e-20,23649,cg12089985,TRUE,reported,TDQAsV,85.176727475893,2,1,TRUE,,,0.00358908196470995,23649,2.70236799523303e-06,97173,TRUE,8.62466506875089e-16
rs245527,G,A,G,A,0.3484295,0.001,0.3254,,FALSE,FALSE,FALSE,GCST90132223,5,64762789,0.0177,0.9547,Rheumatoid arthritis || Ishigaki et al. 2022 (European) || GCST90132223,TRUE,reported,textfile,97173,22350,74823,chr5,64762789,0.0104786,1e-200,19716,cg10186232,TRUE,reported,Puqh4x,1105.66435994156,2,1,TRUE,,,0.0531067331742839,19716,3.284859365541e-08,97173,TRUE,5.7720713317836e-198
rs41268429,G,A,G,A,0.3215127,0.0451,0.0347,,FALSE,FALSE,FALSE,GCST90132223,5,64858940,0.0505,0.3716,Rheumatoid arthritis || Ishigaki et al. 2022 (European) || GCST90132223,TRUE,reported,textfile,97173,22350,74823,chr5,64858940,0.0365235,1.333e-18,12408,cg10186232,TRUE,reported,Puqh4x,77.4910396609683,2,1,TRUE,,,0.00620748149814611,12408,8.20786284605102e-06,97173,TRUE,1.46069948193016e-15
rs381852,A,G,A,G,0.1969589,0.0134,0.1837,,FALSE,FALSE,FALSE,GCST90132223,5,54459961,0.0185,0.4713,Rheumatoid arthritis || Ishigaki et al. 2022 (European) || GCST90132223,TRUE,reported,textfile,97173,22350,74823,chr5,54459961,0.01221,1.545e-58,21901,cg08212230,TRUE,reported,5Jynrx,260.207549223626,2,1,TRUE,,,0.0117426378468459,21901,5.39917150338714e-06,97173,TRUE,5.74602285824377e-46
rs56090409,G,T,G,T,-0.2459158,-8e-04,0.3512,,FALSE,FALSE,FALSE,GCST90132223,12,104435166,0.0163,0.9599,Rheumatoid arthritis || Ishigaki et al. 2022 (European) || GCST90132223,TRUE,reported,textfile,97173,22350,74823,chr12,104435166,0.0088174,3.54e-171,27234,cg18924222,TRUE,reported,tMrVm2,777.842699402368,2,1,TRUE,,,0.0277703344410058,27234,2.47895179837927e-08,97173,TRUE,1.16221804080499e-132
rs7604465,C,T,C,T,0.0596994,0.0157,0.4396,,FALSE,FALSE,FALSE,GCST90132223,2,242249828,0.0142,0.2688,Rheumatoid arthritis || Ishigaki et al. 2022 (European) || GCST90132223,TRUE,reported,textfile,97173,22350,74823,chr2,242249828,0.0090927,5.181e-11,24595,cg23881902,TRUE,reported,VBiIv7,43.1076360787767,2,1,TRUE,,,0.00174977462818221,24595,1.25799953465194e-05,97173,TRUE,8.02560769170609e-08
rs79668693,C,A,C,A,-0.4042104,0.0016,0.0404,,FALSE,FALSE,FALSE,GCST90132223,3,113487353,0.0586,0.9778,Rheumatoid arthritis || Ishigaki et al. 2022 (European) || GCST90132223,TRUE,reported,textfile,97173,22350,74823,chr3,113487353,0.0434625,1.402e-20,7317,cg15478005,TRUE,reported,zIn7vW,86.493915833795,2,1,TRUE,,,0.0116860078272524,7317,7.67199052505622e-09,97173,TRUE,3.77460413515428e-19
